ReactionID,Equation
EX_hdcea_b,hdcea_b --> 
EX_RSc1944_b,RSc1944_b --> 
EX_3oochslac_b,3oochslac_b --> 
EX_glu_D_b,glu_D_b --> 
EX_RipS4_b,RipS4_b --> 
EX_fecrm_b,fecrm_b --> 
EX_ni2_b,ni2_b --> 
EX_RipK_b,RipK_b --> 
EX_berb_b,berb_b --> 
EX_tartr_L_b,tartr_L_b --> 
EX_octa_b,octa_b --> 
EX_orn_b,orn_b --> 
EX_34dhphe_b,34dhphe_b --> 
EX_tungs_b,tungs_b --> 
EX_RSp0295_act_b,RSp0295_act_b --> 
EX_PehB_b,PehB_b --> 
EX_g3pi_b,g3pi_b --> 
EX_gthox_b,gthox_b --> 
EX_RSp0629_b,RSp0629_b --> 
EX_RipAX2_b,RipAX2_b --> 
EX_mg2_b,mg2_b <=> 
EX_RipX_b,RipX_b --> 
EX_RipAI_b,RipAI_b --> 
EX_cafe_b,cafe_b --> 
EX_hslac_b,hslac_b --> 
EX_RipG1_b,RipG1_b --> 
EX_RSp0518_b,RSp0518_b --> 
EX_5oxpro_b,5oxpro_b --> 
EX_ac_b,ac_b --> 
EX_met_L_ala_L_b,met_L_ala_L_b --> 
EX_RipAV_b,RipAV_b --> 
EX_chtbs_b,chtbs_b --> 
EX_arbtnl_fe3_b,arbtnl_fe3_b --> 
EX_ddca_b,ddca_b --> 
EX_galur3u_b,galur3u_b --> 
EX_orot_b,orot_b --> 
EX_RSp0540_b,RSp0540_b --> 
EX_glcr_b,glcr_b --> 
EX_RSc0102_act_b,RSc0102_act_b --> 
EX_pa181_b,pa181_b --> 
EX_his_L_b,his_L_b --> 
EX_mepyr_b,mepyr_b --> 
EX_2hyoxplac_b,2hyoxplac_b --> 
EX_Egl_b,Egl_b --> 
EX_g3pe_b,g3pe_b --> 
EX_cys_L_b,cys_L_b --> 
EX_no2r_b,no2r_b --> 
EX_RipT_b,RipT_b --> 
EX_RipU2_b,RipU2_b --> 
EX_n2_b,n2_b --> 
EX_pc181_b,pc181_b --> 
EX_RipAE_b,RipAE_b --> 
EX_RipA4_b,RipA4_b --> 
EX_resoc_b,resoc_b --> 
EX_RipAR_b,RipAR_b --> 
EX_RSp0630_b,RSp0630_b --> 
EX_PCW_RSp1545_LPS_b,PCW_RSp1545_LPS_b --> 
EX_ch4s_b,ch4s_b --> 
EX_RipV1_b,RipV1_b --> 
EX_RipB_b,RipB_b --> 
EX_cana_L_b,cana_L_b --> 
EX_cbl1_b,cbl1_b --> 
EX_pc160_b,pc160_b --> 
EX_RSc0887_b,RSc0887_b --> 
EX_quin_kt_b,quin_kt_b --> 
EX_ocdcea_b,ocdcea_b --> 
EX_fusar_b,fusar_b --> 
EX_cu2_b,cu2_b --> 
EX_23cgmp_b,23cgmp_b --> 
EX_indpyr_b,indpyr_b --> 
EX_23camp_b,23camp_b --> 
EX_gthrd_b,gthrd_b --> 
EX_L_dpchrm_b,L_dpchrm_b --> 
EX_3hcinnm_b,3hcinnm_b --> 
EX_PCW_D_Mannose_b,PCW_D_Mannose_b --> 
EX_pect_b,pect_b --> 
EX_hpa_b,hpa_b --> 
EX_asp_L_glu_L_b,asp_L_glu_L_b --> 
EX_selt_b,selt_b --> 
EX_succ_b,succ_b --> 
EX_RipAA_b,RipAA_b --> 
EX_ala_L_glu_L_b,ala_L_glu_L_b --> 
EX_gal_b,gal_b --> 
EX_cro4_b,cro4_b --> 
EX_RipAN_b,RipAN_b --> 
EX_RipG6_b,RipG6_b --> 
EX_5drib_b,5drib_b --> 
EX_zn2_b,zn2_b --> 
EX_EPS_b,EPS_b --> 
EX_RSp0175_b,RSp0175_b --> 
EX_isetac_b,isetac_b --> 
EX_but_b,but_b --> 
EX_pencil_b,pencil_b --> 
EX_dha_b,dha_b --> 
EX_4hba_b,4hba_b --> 
EX_12dgr160_b,12dgr160_b --> 
EX_sbt_D_b,sbt_D_b --> 
EX_pa141_b,pa141_b --> 
EX_RSp1466_b,RSp1466_b --> 
EX_ochslac_b,ochslac_b --> 
EX_23ccmp_b,23ccmp_b --> 
EX_aso3_b,aso3_b --> 
EX_pc120_b,pc120_b --> 
EX_RSp1444_b,RSp1444_b --> 
EX_RSp0295_b,RSp0295_b --> 
EX_novbcn_b,novbcn_b --> 
EX_RSp0745_b,RSp0745_b --> 
EX_ampica_b,ampica_b --> 
EX_RipO1_b,RipO1_b --> 
EX_val_L_b,val_L_b --> 
EX_cytd_b,cytd_b --> 
EX_pro_L_b,pro_L_b --> 
EX_RipAJ_b,RipAJ_b --> 
EX_RSc0104_b,RSc0104_b --> 
EX_3oocta_b,3oocta_b --> 
EX_RSc0249_act_b,RSc0249_act_b --> 
EX_asn_L_b,asn_L_b --> 
EX_bromosucc_b,bromosucc_b --> 
EX_RipG2_b,RipG2_b --> 
EX_tzea_b,tzea_b --> 
EX_pac_b,pac_b --> 
EX_ocdca_b,ocdca_b --> 
EX_PglA_b,PglA_b --> 
EX_RipS5_b,RipS5_b --> 
EX_met_L_b,met_L_b --> 
EX_h2o2_b,h2o2_b --> 
EX_phe_L_b,phe_L_b --> 
EX_PCW_RSp1180_act_pili_b,PCW_RSp1180_act_pili_b --> 
EX_RipY_b,RipY_b --> 
EX_ins_b,ins_b --> 
EX_tre_b,tre_b --> 
EX_RSc0958_b,RSc0958_b --> 
EX_pa160_b,pa160_b --> 
EX_hdca_b,hdca_b --> 
EX_Rsl_b,Rsl_b --> 
EX_polygalurnxu_b,polygalurnxu_b --> 
EX_mesucc_b,mesucc_b --> 
EX_etha_b,etha_b --> 
EX_tyr_L_b,tyr_L_b --> 
EX_pc180_b,pc180_b --> 
EX_RipA5_b,RipA5_b --> 
EX_RSp0103_b,RSp0103_b --> 
EX_fe2_b,fe2_b <=> 
EX_nh4_b,nh4_b <=> 
EX_ohr_b,ohr_b --> 
EX_3ohpame_b,3ohpame_b --> 
EX_RipS1_b,RipS1_b --> 
EX_RipH1_b,RipH1_b --> 
EX_fer_b,fer_b --> 
EX_fecrm_un_b,fecrm_un_b --> 
EX_gly_gln_L_b,gly_gln_L_b --> 
EX_RipAW_b,RipAW_b --> 
EX_ralf_b,ralf_b --> 
EX_pept_b,pept_b --> 
EX_ser_L_b,ser_L_b --> 
EX_hom_L_b,hom_L_b --> 
EX_RSp0881_b,RSp0881_b --> 
EX_DNAf_30kb_b,DNAf_30kb_b --> 
EX_cellb_b,cellb_b --> 
EX_gly_b,gly_b --> 
EX_o2_b,o2_b <=> 
EX_lpd_lpd_b,lpd_lpd_b --> 
EX_RipAZ1_b,RipAZ1_b --> 
EX_esclt_b,esclt_b --> 
EX_im4ac_b,im4ac_b --> 
EX_RipD_b,RipD_b --> 
EX_mincyc_b,mincyc_b --> 
EX_cellos_Expansin_LPS_b,cellos_Expansin_LPS_b --> 
EX_hepthslac_b,hepthslac_b --> 
EX_iad_b,iad_b --> 
EX_4hbz_b,4hbz_b --> 
EX_galt_b,galt_b --> 
EX_glu_L_b,glu_L_b <=> 
EX_frmd_b,frmd_b --> 
EX_RSc3220_b,RSc3220_b --> 
EX_RipAB_b,RipAB_b --> 
EX_chitos_b,chitos_b --> 
EX_glyclt_b,glyclt_b --> 
EX_RipA1_b,RipA1_b --> 
EX_PS_PGA_b,PS_PGA_b --> 
EX_rfamp_b,rfamp_b --> 
EX_thm_b,thm_b --> 
EX_RipAS_b,RipAS_b --> 
EX_12dgr161_b,12dgr161_b --> 
EX_dextrin_b,dextrin_b --> 
EX_ttrcyc_b,ttrcyc_b --> 
EX_fum_b,fum_b --> 
EX_crn_b,crn_b --> 
EX_thr_L_b,thr_L_b --> 
EX_ttdcea_b,ttdcea_b --> 
EX_RipBA_b,RipBA_b --> 
EX_mccdn_b,mccdn_b --> 
EX_PCW_RSc0102_act_b,PCW_RSc0102_act_b --> 
EX_PCW_L_Fucose_Rsl_b,PCW_L_Fucose_Rsl_b --> 
EX_no_b,no_b --> 
EX_galctn_D_b,galctn_D_b --> 
EX_fe3_b,fe3_b <=> 
EX_Prot_b,Prot_b --> 
EX_pyr_b,pyr_b --> 
EX_asp_L_b,asp_L_b --> 
EX_PCW_RSc0104_act_b,PCW_RSc0104_act_b --> 
EX_nac_b,nac_b --> 
EX_pa120_b,pa120_b --> 
EX_h_b,h_b <=> 
EX_3hpp_b,3hpp_b --> 
EX_RipAO_b,RipAO_b --> 
EX_PCW_RSp0295_act_b,PCW_RSp0295_act_b --> 
EX_RSc3188_b,RSc3188_b --> 
EX_acfv_b,acfv_b --> 
EX_pc141_b,pc141_b --> 
EX_pbhb_b,pbhb_b --> 
EX_RipG7_b,RipG7_b --> 
EX_PlcN_b,PlcN_b --> 
EX_PCW_RSp0294_act_b,PCW_RSp0294_act_b --> 
EX_RSp1180_b,RSp1180_b --> 
EX_RipS6_b,RipS6_b --> 
EX_RSp0294_b,RSp0294_b --> 
EX_RipE1_b,RipE1_b --> 
EX_glycogen_b,glycogen_b --> 
EX_tom_b,tom_b --> 
EX_bhb_b,bhb_b --> 
EX_cit_b,cit_b --> 
EX_hxa_b,hxa_b --> 
EX_14aglucan_b,14aglucan_b --> 
EX_RipL_b,RipL_b --> 
EX_adocbl_b,adocbl_b --> 
EX_mso3_b,mso3_b --> 
EX_RSc0246_b,RSc0246_b --> 
EX_gln_L_gly_b,gln_L_gly_b --> 
EX_g3pg_b,g3pg_b --> 
EX_cellos_b,cellos_b --> 
EX_mobd_b,mobd_b <=> 
EX_mnl_b,mnl_b --> 
EX_RSp1536_b,RSp1536_b --> 
EX_co2_b,co2_b <=> 
EX_h2o_b,h2o_b <=> 
EX_RipZ_b,RipZ_b --> 
EX_RipAK_b,RipAK_b --> 
EX_r3rhbb_b,r3rhbb_b --> 
EX_ala_L_asp_L_b,ala_L_asp_L_b --> 
EX_sulfac_b,sulfac_b --> 
EX_RipG3_b,RipG3_b --> 
EX_RipP1_b,RipP1_b --> 
EX_pa161_b,pa161_b --> 
EX_RipS2_b,RipS2_b --> 
EX_RipH2_b,RipH2_b --> 
EX_RSp0275_b,RSp0275_b --> 
EX_RipI_b,RipI_b --> 
EX_pi_b,pi_b <=> 
EX_amob_b,amob_b --> 
EX_arbtnl_b,arbtnl_b --> 
EX_asp_L_asp_L_b,asp_L_asp_L_b --> 
EX_RSp1545_b,RSp1545_b --> 
EX_RSc0249_b,RSc0249_b --> 
EX_gsn_b,gsn_b --> 
EX_Tek_28kd_b,Tek_28kd_b --> 
EX_asp_L_ala_L_b,asp_L_ala_L_b --> 
EX_hexhslac_b,hexhslac_b --> 
EX_pad_b,pad_b --> 
EX_xan_b,xan_b --> 
EX_taur_b,taur_b --> 
EX_RSp1073_b,RSp1073_b --> 
EX_catechol_b,catechol_b --> 
EX_g3pc_b,g3pc_b --> 
EX_spmd_b,spmd_b --> 
EX_PCW_D_Mannose_Rsl2_b,PCW_D_Mannose_Rsl2_b --> 
EX_arg_L_b,arg_L_b --> 
EX_glyc_b,glyc_b --> 
EX_sucr_b,sucr_b --> 
EX_RSc0246_act_b,RSc0246_act_b --> 
EX_so4_b,so4_b <=> 
EX_h2s_b,h2s_b --> 
EX_3hoxid_b,3hoxid_b --> 
EX_5mtr_b,5mtr_b --> 
EX_gln_L_glu_L_b,gln_L_glu_L_b --> 
EX_RipAG_b,RipAG_b --> 
EX_ade_b,ade_b --> 
EX_fru_b,fru_b --> 
EX_RipAT_b,RipAT_b --> 
EX_2feooh_b,2feooh_b --> 
EX_naldx_b,naldx_b --> 
EX_PCW_RSp1539_LPS_b,PCW_RSp1539_LPS_b --> 
EX_glcur_b,glcur_b --> 
EX_uri_b,uri_b --> 
EX_cd2_b,cd2_b --> 
EX_glyc2p_b,glyc2p_b --> 
EX_ind3ac_b,ind3ac_b --> 
EX_ampi_b,ampi_b --> 
EX_bz_b,bz_b --> 
EX_ca2__b,ca2__b --> 
EX_RipTPS_b,RipTPS_b --> 
EX_RipAC_b,RipAC_b --> 
EX_fe3mccdn_b,fe3mccdn_b --> 
EX_no2_b,no2_b --> 
EX_RipA2_b,RipA2_b --> 
EX_gln_L_b,gln_L_b --> 
EX_cl_b,cl_b <=> 
EX_hxan_b,hxan_b --> 
EX_RipAP_b,RipAP_b --> 
EX_hg2_b,hg2_b --> 
EX_pc140_b,pc140_b --> 
EX_RipQ_b,RipQ_b --> 
EX_meoh_b,meoh_b --> 
EX_4abut_b,4abut_b --> 
EX_galct_D_b,galct_D_b --> 
EX_RSc3430_b,RSc3430_b --> 
EX_12dgr140_b,12dgr140_b --> 
EX_PCW_b,PCW_b --> 
EX_RipBB_b,RipBB_b --> 
EX_g3ps_b,g3ps_b --> 
EX_k_b,k_b <=> 
EX_2obut_b,2obut_b --> 
EX_pencilca_b,pencilca_b --> 
EX_14bglucan_b,14bglucan_b --> 
EX_Tek2_28kd_b,Tek2_28kd_b --> 
EX_peroxyl_lpd_b,peroxyl_lpd_b --> 
EX_acon_C_b,acon_C_b --> 
EX_4hphac_b,4hphac_b --> 
EX_acpc_b,acpc_b --> 
EX_idon_L_b,idon_L_b --> 
EX_11cu2s_CopA_b,11cu2s_CopA_b --> 
EX_12dgr180_b,12dgr180_b --> 
EX_na1_b,na1_b <=> 
EX_etle_b,etle_b --> 
EX_inost_b,inost_b --> 
EX_23cump_b,23cump_b --> 
EX_urea_b,urea_b --> 
EX_RipAL_b,RipAL_b --> 
EX_chol_b,chol_b --> 
EX_RipM_b,RipM_b --> 
EX_RSp1139_b,RSp1139_b --> 
EX_ttdca_b,ttdca_b --> 
EX_RipG4_b,RipG4_b --> 
EX_RipP2_b,RipP2_b --> 
EX_id3acald_b,id3acald_b --> 
EX_CbhA_b,CbhA_b --> 
EX_PCW_RSp0540_LPS_b,PCW_RSp0540_LPS_b --> 
EX_adn_b,adn_b --> 
EX_RipF1_b,RipF1_b --> 
EX_acglu_b,acglu_b --> 
EX_cobalt2_b,cobalt2_b <=> 
EX_butso3_b,butso3_b --> 
EX_br_b,br_b --> 
EX_cu_b,cu_b --> 
EX_RipJ_b,RipJ_b --> 
EX_dcahslac_b,dcahslac_b --> 
EX_Expansin_b,Expansin_b --> 
EX_lac_L_b,lac_L_b --> 
EX_RipAX1_b,RipAX1_b --> 
EX_ctbt_b,ctbt_b --> 
EX_ind3acnl_b,ind3acnl_b --> 
EX_RipAH_b,RipAH_b --> 
EX_PCW_L_Fucose_b,PCW_L_Fucose_b --> 
EX_skm_b,skm_b --> 
EX_doxrbcn_b,doxrbcn_b --> 
EX_PS_RS_b,PS_RS_b --> 
EX_acser_b,acser_b --> 
EX_ile_L_b,ile_L_b --> 
EX_RSp1620_b,RSp1620_b --> 
EX_RipH3_b,RipH3_b --> 
EX_RSc0337_b,RSc0337_b --> 
EX_RipS3_b,RipS3_b --> 
EX_16aglucan_b,16aglucan_b --> 
EX_fusa_b,fusa_b --> 
EX_RipAY_b,RipAY_b --> 
EX_RSc3151_b,RSc3151_b --> 
EX_RipW_b,RipW_b --> 
EX_mal_L_b,mal_L_b --> 
EX_RSp1180_act_b,RSp1180_act_b --> 
EX_fald_b,fald_b --> 
EX_12dgr120_b,12dgr120_b --> 
EX_o2s_b,o2s_b --> 
EX_RipAF1_b,RipAF1_b --> 
EX_ala_D_b,ala_D_b --> 
EX_glyb_b,glyb_b --> 
EX_trp_L_b,trp_L_b --> 
EX_pa180_b,pa180_b --> 
EX_glyc_R_b,glyc_R_b --> 
EX_RipAD_b,RipAD_b --> 
EX_PCW_RSc0246_act_b,PCW_RSc0246_act_b --> 
EX_PCW_RSc0249_act_b,PCW_RSc0249_act_b --> 
EX_RipA3_b,RipA3_b --> 
EX_xylu_D_b,xylu_D_b --> 
EX_dca_b,dca_b --> 
EX_RipAU_b,RipAU_b --> 
EX_RSp1539_b,RSp1539_b --> 
EX_citr_L_b,citr_L_b --> 
EX_Mel_b,Mel_b --> 
EX_2kmb_b,2kmb_b --> 
EX_gnid_b,gnid_b --> 
EX_RSc1775_b,RSc1775_b --> 
EX_pnto_R_b,pnto_R_b --> 
EX_pc161_b,pc161_b --> 
EX_RipTAL_b,RipTAL_b --> 
EX_glyc3p_b,glyc3p_b --> 
EX_no3_b,no3_b --> 
EX_glc_D_b,glc_D_b --> 
EX_asp_L_gln_L_b,asp_L_gln_L_b --> 
EX_cbi_b,cbi_b --> 
EX_PCW_RSp1071_LPS_b,PCW_RSp1071_LPS_b --> 
EX_ppa_b,ppa_b --> 
EX_RSc2149_b,RSc2149_b --> 
EX_glcn_b,glcn_b --> 
EX_galur_b,galur_b --> 
EX_RipR_b,RipR_b --> 
EX_mn2_b,mn2_b <=> 
EX_lac_D_b,lac_D_b --> 
EX_RSc0104_act_b,RSc0104_act_b --> 
EX_12dgr141_b,12dgr141_b --> 
EX_ethso3_b,ethso3_b --> 
EX_hphead_b,hphead_b --> 
EX_sel_b,sel_b --> 
EX_galur2u_b,galur2u_b --> 
EX_Pme_b,Pme_b --> 
EX_cm_b,cm_b --> 
EX_RSc3222_b,RSc3222_b --> 
EX_3hpppn_b,3hpppn_b --> 
EX_RipAQ_b,RipAQ_b --> 
EX_incbase_b,incbase_b --> 
EX_for_b,for_b --> 
EX_chtn_b,chtn_b --> 
EX_2dhglcn_b,2dhglcn_b --> 
EX_12dgr181_b,12dgr181_b --> 
EX_Rsl2_b,Rsl2_b --> 
EX_xtsn_b,xtsn_b --> 
EX_ala_L_b,ala_L_b --> 
EX_melanin_b,melanin_b --> 
EX_tsul_b,tsul_b --> 
EX_lys_L_b,lys_L_b --> 
EX_akg_b,akg_b --> 
EX_RipN_b,RipN_b --> 
EX_RipC1_b,RipC1_b --> 
EX_RSp0294_act_b,RSp0294_act_b --> 
EX_RSp1071_b,RSp1071_b --> 
EX_RSc0102_b,RSc0102_b --> 
EX_aso4_b,aso4_b --> 
EX_asp_L_val_L_b,asp_L_val_L_b --> 
EX_ala_L_gln_L_b,ala_L_gln_L_b --> 
EX_leu_L_b,leu_L_b --> 
EX_PehC_b,PehC_b --> 
EX_PCW_RSc3188_LPS_b,PCW_RSc3188_LPS_b --> 
EX_dhap_b,dhap_b --> 
EX_RSp0030_b,RSp0030_b --> 
EX_RipAM_b,RipAM_b --> 
EX_Ss_b,Ss_b --> 
EX_RSp1467_b,RSp1467_b --> 
EX_pa140_b,pa140_b --> 
EX_RipG5_b,RipG5_b --> 
EX_PCW_RSp1073_LPS_b,PCW_RSp1073_LPS_b --> 
EX_cholp_b,cholp_b --> 
EX_ptrc_b,ptrc_b --> 
EX_RSp0768_b,RSp0768_b --> 
EX_ag_b,ag_b --> 
PROT_pe_CbhA_S,CbhA_p + 110.0 atp_c + 110.0 h2o_c --> CbhA_e + 110.0 adp_c + 110.0 h_c + 110.0 pi_c
GLUPRT,gln_L_c + h2o_c + prpp_c --> glu_L_c + ppi_c + pram_c
EX_bromosucc_e_,bromosucc_e <=> bromosucc_b
EX_g3ps_e_,g3ps_e <=> g3ps_b
EX_protein_RSc0249_e_,RSc0249_e --> RSc0249_b
UAG2E,uacgam_c <=> uacmam_c
TARTRDH,nad_c + tartr_L_c <=> h_c + nadh_c + oxglyc_c
BHBt2pp,bhb_p + h_p --> bhb_c + h_c
T3SS_E_RipR_S,RipR_c + 1742.0 atp_c + 1742.0 h2o_c --> RipR_e + 1742.0 adp_c + 1742.0 h_c + 1742.0 pi_c
EX_T3SS_E_RipF1_e_,RipF1_e <=> RipF1_b
HYXNtex,hxan_e <=> hxan_p
FUMAC,4fumacac_c + h2o_c --> acac_c + fum_c + h_c
METTRS,atp_c + met_L_c + trnamet_c --> amp_c + mettrna_c + ppi_c
MI3PP,h2o_c + mi3p_D_c --> inost_c + pi_c
XYLUabcpp,atp_c + h2o_c + xylu_D_p --> adp_c + h_c + pi_c + xylu_D_c
ADOCBIK,adocbi_c + atp_c --> adocbip_c + adp_c + h_c
PROT_Tek_BioS,82.0 alatrna_c + 16.0 argtrna_c + 36.0 asntrna_c + 29.0 asptrna_c + 1891.356 atp_c + 3.0 cystrna_c + 25.0 glntrna_c + 10.0 glutrna_c + 50.0 glytrna_c + 1891.356 h2o_c + 2.0 histrna_c + 26.0 iletrna_c + 61.0 leutrna_c + 20.0 lystrna_c + 7.0 mettrna_c + 10.0 phetrna_c + 20.0 protrna_c + 62.0 sertrna_c + 48.0 thrtrna_c + 6.0 tyrtrna_c + 56.0 valtrna_c --> Tek_c + 1891.356 adp_c + 1891.356 h_c + 1891.356 pi_c + 82.0 trnaala_c + 16.0 trnaarg_c + 65.0 trnaasp_c + 3.0 trnacys_c + 25.0 trnagln_c + 10.0 trnaglu_c + 50.0 trnagly_c + 2.0 trnahis_c + 26.0 trnaile_c + 61.0 trnaleu_c + 20.0 trnalys_c + 7.0 trnamet_c + 10.0 trnaphe_c + 20.0 trnapro_c + 62.0 trnaser_c + 48.0 trnathr_c + 6.0 trnatyr_c + 56.0 trnaval_c
T3SS_E_RipG4_S,RipG4_c + 462.0 atp_c + 462.0 h2o_c --> RipG4_e + 462.0 adp_c + 462.0 h_c + 462.0 pi_c
GLUCYS,atp_c + cys_L_c + glu_L_c --> adp_c + glucys_c + h_c + pi_c
OCDCEAtex,ocdcea_e <=> ocdcea_p
PE141abcpp,atp_c + h2o_c + pe141_c --> adp_c + h_c + pe141_p + pi_c
PROT_RSp0540_BioS,491.0 alatrna_c + 122.0 argtrna_c + 282.0 asntrna_c + 166.0 asptrna_c + 11806.848 atp_c + 12.0 cystrna_c + 210.0 glntrna_c + 75.0 glutrna_c + 476.0 glytrna_c + 11806.848 h2o_c + 50.0 histrna_c + 148.0 iletrna_c + 235.0 leutrna_c + 74.0 lystrna_c + 27.0 mettrna_c + 33.0 phetrna_c + 82.0 protrna_c + 376.0 sertrna_c + 338.0 thrtrna_c + 11.0 trptrna_c + 56.0 tyrtrna_c + 288.0 valtrna_c --> RSp0540_c + 11806.848 adp_c + 11806.848 h_c + 11806.848 pi_c + 491.0 trnaala_c + 122.0 trnaarg_c + 448.0 trnaasp_c + 12.0 trnacys_c + 210.0 trnagln_c + 75.0 trnaglu_c + 476.0 trnagly_c + 50.0 trnahis_c + 148.0 trnaile_c + 235.0 trnaleu_c + 74.0 trnalys_c + 27.0 trnamet_c + 33.0 trnaphe_c + 82.0 trnapro_c + 376.0 trnaser_c + 338.0 trnathr_c + 11.0 trnatrp_c + 56.0 trnatyr_c + 288.0 trnaval_c
UAG2EMA,h2o_c + uacgam_c <=> acmana_c + h_c + udp_c
TARTRDH2,nad_c + tartr_M_c <=> h_c + nadh_c + oxglyc_c
MLTGY2pp,murein4p3p_p --> anhgm3p_p + anhgm4p_p
T3SS_E_RipAL_S,RipAL_c + 311.0 atp_c + 311.0 h2o_c --> RipAL_e + 311.0 adp_c + 311.0 h_c + 311.0 pi_c
PSD160,h_c + ps160_c --> co2_c + pe160_c
3HAD60,3hhexACP_c --> h2o_c + thex2eACP_c
EX_sel_e_,sel_e <=> sel_b
DM_incbase,incbase_c --> incbase_b
QULNS,dhap_c + iasp_c --> 2.0 h2o_c + pi_c + quln_c
BHEXAMD,chtbs_c + h2o_c --> 2.0 acgam_c
G3PEtex,g3pe_e <=> g3pe_p
MCITL2,micit_c <=> pyr_c + succ_c
PSD161,h_c + ps161_c --> co2_c + pe161_c
T3SS_E_RipP2_S,RipP2_c + 488.0 atp_c + 488.0 h2o_c --> RipP2_e + 488.0 adp_c + 488.0 h_c + 488.0 pi_c
MDDEP4pp,h2o_p + murein4px4px4p_p --> murein4px4p4p_p
ADOCBLabcpp,adocbl_p + atp_c + h2o_c --> adocbl_c + adp_c + h_c + pi_c
PROT_pe_Expansin_S,Expansin_p + 256.0 atp_c + 256.0 h2o_c --> Expansin_e + 256.0 adp_c + 256.0 h_c + 256.0 pi_c
T3SS_E_RipW_BioS,32.0 alatrna_c + 10.0 argtrna_c + 26.0 asntrna_c + 27.0 asptrna_c + 1263.12 atp_c + 22.0 glntrna_c + 12.0 glutrna_c + 46.0 glytrna_c + 1263.12 h2o_c + 11.0 histrna_c + 14.0 iletrna_c + 18.0 leutrna_c + 25.0 lystrna_c + 4.0 mettrna_c + 13.0 phetrna_c + 25.0 protrna_c + 32.0 sertrna_c + 29.0 thrtrna_c + trptrna_c + 8.0 tyrtrna_c + 25.0 valtrna_c --> RipW_c + 1263.12 adp_c + 1263.12 h_c + 1263.12 pi_c + 32.0 trnaala_c + 10.0 trnaarg_c + 53.0 trnaasp_c + 22.0 trnagln_c + 12.0 trnaglu_c + 46.0 trnagly_c + 11.0 trnahis_c + 14.0 trnaile_c + 18.0 trnaleu_c + 25.0 trnalys_c + 4.0 trnamet_c + 13.0 trnaphe_c + 25.0 trnapro_c + 32.0 trnaser_c + 29.0 trnathr_c + trnatrp_c + 8.0 trnatyr_c + 25.0 trnaval_c
PGP120abcpp,atp_c + h2o_c + pgp120_c --> adp_c + h_c + pgp120_p + pi_c
EDTXS5,ddcaACP_c + h_c + kdolipid4_c --> ACP_c + kdolipid4L_c
4HPHEAt3r,4hphac_p + h_p <=> 4hphac_c + h_c
PROT_pe_RSc0337_S,RSc0337_p + 496.0 atp_c + 496.0 h2o_c --> RSc0337_e + 496.0 adp_c + 496.0 h_c + 496.0 pi_c
EX_inost_e_,inost_e <=> inost_b
EX_protein_RSp0294_e_,RSp0294_e --> RSp0294_b
ACCtpp,acpc_p <=> acpc_c
2MAHMP,2mahmp_c + h2o_c --> 4ampm_c + h_c + pi_c
PROT_RSp1180_BioS,681.0 alatrna_c + 11.0 argtrna_c + 174.0 asntrna_c + 307.0 asptrna_c + 13648.344 atp_c + 26.0 glntrna_c + 41.0 glutrna_c + 400.0 glytrna_c + 13648.344 h2o_c + 39.0 histrna_c + 123.0 iletrna_c + 275.0 leutrna_c + 2.0 lystrna_c + 9.0 mettrna_c + 102.0 phetrna_c + 204.0 protrna_c + 392.0 sertrna_c + 953.0 thrtrna_c + 39.0 trptrna_c + 22.0 tyrtrna_c + 306.0 valtrna_c --> RSp1180_c + 13648.344 adp_c + 13648.344 h_c + 13648.344 pi_c + 681.0 trnaala_c + 11.0 trnaarg_c + 481.0 trnaasp_c + 26.0 trnagln_c + 41.0 trnaglu_c + 400.0 trnagly_c + 39.0 trnahis_c + 123.0 trnaile_c + 275.0 trnaleu_c + 2.0 trnalys_c + 9.0 trnamet_c + 102.0 trnaphe_c + 204.0 trnapro_c + 392.0 trnaser_c + 953.0 trnathr_c + 39.0 trnatrp_c + 22.0 trnatyr_c + 306.0 trnaval_c
PC8XM,h_c + pre8_c <=> hgbyr_c
PROT_ce_RSc0102_S,RSc0102_c + 1217.0 atp_c + 1217.0 h2o_c --> RSc0102_e + 1217.0 adp_c + 1217.0 h_c + 1217.0 pi_c
GLTN2c,g15l_c + h2o_c --> glcn_c + h_c
Naldxteff,h_p + naldx_p --> h_c + naldx_b
PROT_pe_RSp1539_S,RSp1539_p + 2737.0 atp_c + 2737.0 h2o_c --> RSp1539_e + 2737.0 adp_c + 2737.0 h_c + 2737.0 pi_c
Canatpc,cana_L_p <=> cana_L_c
VNDH,h2o_c + nad_c + vanln_c --> 2.0 h_c + nadh_c + vanlt_c
2AGPE120tipp,2agpe120_p --> 2agpe120_c
NO3t7pp,no2_c + no3_p --> no2_p + no3_c
PPBNGS,2.0 5aop_c --> 2.0 h2o_c + h_c + ppbng_c
AGM3PApp,anhgm3p_p + h2o_p --> LalaDgluMdap_p + anhgm_p
ACALD,acald_c + coa_c + nad_c <=> accoa_c + h_c + nadh_c
AACOAR,aacoa_c + h_c + nadph_c <=> nadp_c + r3hbcoa_c
DAAD,ala_D_c + fad_c + h2o_c --> fadh2_c + nh4_c + pyr_c
DRBK,atp_c + drib_c <=> 2dr5p_c + adp_c + h_c
METTRSS,atp_c + selmeth_c + trnamet_c --> amp_c + h_c + ppi_c + selmtrna_c
NACt1pp,h_p + nac_p <=> h_c + nac_c
3HAD80,3hoctACP_c --> h2o_c + toct2eACP_c
ADPT,ade_c + prpp_c --> amp_c + ppi_c
PGPP120pp,h2o_p + pgp120_p --> pg120_p + pi_p
GLYCLTt2rpp,glyclt_p + h_p <=> glyclt_c + h_c
EX_melanin_e_,melanin_e <=> melanin_b
T3SS_E_RipAP_BioS,51.0 alatrna_c + 32.0 argtrna_c + 5.0 asntrna_c + 18.0 asptrna_c + 993.876 atp_c + 5.0 cystrna_c + 6.0 glntrna_c + 22.0 glutrna_c + 22.0 glytrna_c + 993.876 h2o_c + 6.0 histrna_c + 12.0 iletrna_c + 23.0 leutrna_c + lystrna_c + 7.0 mettrna_c + 12.0 phetrna_c + 17.0 protrna_c + 12.0 sertrna_c + 14.0 thrtrna_c + 2.0 trptrna_c + 14.0 tyrtrna_c + 18.0 valtrna_c --> RipAP_c + 993.876 adp_c + 993.876 h_c + 993.876 pi_c + 51.0 trnaala_c + 32.0 trnaarg_c + 23.0 trnaasp_c + 5.0 trnacys_c + 6.0 trnagln_c + 22.0 trnaglu_c + 22.0 trnagly_c + 6.0 trnahis_c + 12.0 trnaile_c + 23.0 trnaleu_c + trnalys_c + 7.0 trnamet_c + 12.0 trnaphe_c + 17.0 trnapro_c + 12.0 trnaser_c + 14.0 trnathr_c + 2.0 trnatrp_c + 14.0 trnatyr_c + 18.0 trnaval_c
GLNTRS,atp_c + gln_L_c + trnagln_c --> amp_c + glntrna_c + ppi_c
EX_PCW_RSp1539_e_,PCW_RSp1539_LPS_e --> PCW_RSp1539_LPS_b
UAG4E,uacgam_c <=> udpacgal_c
CGLYabcpp,atp_c + cgly_p + h2o_c --> adp_c + cgly_c + h_c + pi_c
MGSA,dhap_c --> mthgxl_c + pi_c
PSD140,h_c + ps140_c --> co2_c + pe140_c
IPPS,3mob_c + accoa_c + h2o_c --> 3c3hmp_c + coa_c + h_c
PSD141,h_c + ps141_c --> co2_c + pe141_c
EX_pc180_e_,pc180_e <=> pc180_b
ALAASPtex,ala_L_asp_L_e <=> ala_L_asp_L_p
NAPRTr,h_c + nac_c + prpp_c --> nicrnt_c + ppi_c
23CCMPtex,23ccmp_e <=> 23ccmp_p
KARA1,23dhmb_c + nadp_c <=> alac_S_c + h_c + nadph_c
EX_T6SS_E_RSp0103_e_,RSp0103_e --> RSp0103_b
ASPTA,akg_c + asp_L_c <=> glu_L_c + oaa_c
CLt3_2pp,2.0 cl_p + h_c --> 2.0 cl_c + h_p
OXCOAHDH,2oxpaccoa_c + 2.0 h2o_c + nadp_c <=> 3oxdhscoa_c + 2.0 h_c + nadph_c
IPDPS,h2mb4p_c + h_c + nadh_c --> h2o_c + ipdp_c + nad_c
EX_doxrbcn_e_,doxrbcn_e <=> doxrbcn_b
PROT_pe_PglA_S,PglA_p + 531.0 atp_c + 531.0 h2o_c --> PglA_e + 531.0 adp_c + 531.0 h_c + 531.0 pi_c
CPH4S,ahdt_c + h2o_c --> acald_c + cph4_c + h_c + pppi_c
FGLU,forglu_c + h2o_c + h_c --> frmd_c + glu_L_c
GLYTRS,atp_c + gly_c + trnagly_c --> amp_c + glytrna_c + ppi_c
PCW_bd_Expansin,Expansin_e + cellos_e --> cellos_Expansin_LPS_e
T3SS_E_RipS3_S,RipS3_c + 2291.0 atp_c + 2291.0 h2o_c --> RipS3_e + 2291.0 adp_c + 2291.0 h_c + 2291.0 pi_c
FRUtex,fru_e <=> fru_p
BTS5,2fe2s_c + amet_c + dtbt_c --> 2fe1s_c + btn_c + dad_5_c + h_c + met_L_c
T3SS_E_RipA2_BioS,179.0 alatrna_c + 90.0 argtrna_c + 25.0 asntrna_c + 71.0 asptrna_c + 3746.148 atp_c + 5.0 cystrna_c + 35.0 glntrna_c + 43.0 glutrna_c + 95.0 glytrna_c + 3746.148 h2o_c + 42.0 histrna_c + 37.0 iletrna_c + 103.0 leutrna_c + 40.0 lystrna_c + 22.0 mettrna_c + 33.0 phetrna_c + 65.0 protrna_c + 80.0 sertrna_c + 69.0 thrtrna_c + 15.0 trptrna_c + 19.0 tyrtrna_c + 59.0 valtrna_c --> RipA2_c + 3746.148 adp_c + 3746.148 h_c + 3746.148 pi_c + 179.0 trnaala_c + 90.0 trnaarg_c + 96.0 trnaasp_c + 5.0 trnacys_c + 35.0 trnagln_c + 43.0 trnaglu_c + 95.0 trnagly_c + 42.0 trnahis_c + 37.0 trnaile_c + 103.0 trnaleu_c + 40.0 trnalys_c + 22.0 trnamet_c + 33.0 trnaphe_c + 65.0 trnapro_c + 80.0 trnaser_c + 69.0 trnathr_c + 15.0 trnatrp_c + 19.0 trnatyr_c + 59.0 trnaval_c
HMSD,2hmcnsad_c + h2o_c + nad_c --> 2hmc_c + 2.0 h_c + nadh_c
OIVD2,3mob_c + coa_c + nad_c --> co2_c + ibcoa_c + nadh_c
cafetex,cafe_e <=> cafe_p
AGt3pp,ag_c + h_p --> ag_b + h_c
AM6SAD,am6sa_c + h2o_c + nad_c --> amuco_c + 2.0 h_c + nadh_c
EX_protein_Tek2_e_,Tek2_28kd_e --> Tek2_28kd_b
T3SS_E_RipG1_BioS,121.0 alatrna_c + 37.0 argtrna_c + 44.0 asntrna_c + 33.0 asptrna_c + 2197.164 atp_c + 6.0 cystrna_c + 18.0 glntrna_c + 26.0 glutrna_c + 56.0 glytrna_c + 2197.164 h2o_c + 8.0 histrna_c + 33.0 iletrna_c + 85.0 leutrna_c + 16.0 lystrna_c + 7.0 mettrna_c + 11.0 phetrna_c + 13.0 protrna_c + 46.0 sertrna_c + 64.0 thrtrna_c + 6.0 trptrna_c + 6.0 tyrtrna_c + 25.0 valtrna_c --> RipG1_c + 2197.164 adp_c + 2197.164 h_c + 2197.164 pi_c + 121.0 trnaala_c + 37.0 trnaarg_c + 77.0 trnaasp_c + 6.0 trnacys_c + 18.0 trnagln_c + 26.0 trnaglu_c + 56.0 trnagly_c + 8.0 trnahis_c + 33.0 trnaile_c + 85.0 trnaleu_c + 16.0 trnalys_c + 7.0 trnamet_c + 11.0 trnaphe_c + 13.0 trnapro_c + 46.0 trnaser_c + 64.0 trnathr_c + 6.0 trnatrp_c + 6.0 trnatyr_c + 25.0 trnaval_c
EX_adocbl_e_,adocbl_e <=> adocbl_b
GALtex,gal_e <=> gal_p
CSND,csn_c + h2o_c + h_c --> nh4_c + ura_c
T3SS_E_RipF1_S,RipF1_c + 736.0 atp_c + 736.0 h2o_c --> RipF1_e + 736.0 adp_c + 736.0 h_c + 736.0 pi_c
twitching,atp_c + h2o_c --> adp_c + h_c + pi_c
ADOCBLS,agdpcbi_c + rdmbzi_c --> adocbl_c + gmp_c + h_c
THDPS,h2o_c + succoa_c + thdp_c --> coa_c + sl2a6o_c
3HOXIDtpp,3hoxid_c <=> 3hoxid_p
KARA2,2ahbut_c + h_c + nadph_c <=> 23dhmp_c + nadp_c
EX_hom_L_e_,hom_L_e <=> hom_L_b
ARBTNLtex,arbtnl_p + h_p --> arbtnl_e + h_c
PSD120,h_c + ps120_c --> co2_c + pe120_c
TRPTRS,atp_c + trnatrp_c + trp_L_c --> amp_c + ppi_c + trptrna_c
INSTtex,inost_e <=> inost_p
ALTRH,altrn_c --> 2ddglcn_c + h2o_c
T3SS_E_RipAW_BioS,58.0 alatrna_c + 46.0 argtrna_c + 14.0 asntrna_c + 24.0 asptrna_c + 1489.152 atp_c + 7.0 cystrna_c + 20.0 glntrna_c + 32.0 glutrna_c + 26.0 glytrna_c + 1489.152 h2o_c + 14.0 histrna_c + 9.0 iletrna_c + 44.0 leutrna_c + 7.0 lystrna_c + 11.0 mettrna_c + 18.0 phetrna_c + 31.0 protrna_c + 29.0 sertrna_c + 18.0 thrtrna_c + 5.0 trptrna_c + 8.0 tyrtrna_c + 27.0 valtrna_c --> RipAW_c + 1489.152 adp_c + 1489.152 h_c + 1489.152 pi_c + 58.0 trnaala_c + 46.0 trnaarg_c + 38.0 trnaasp_c + 7.0 trnacys_c + 20.0 trnagln_c + 32.0 trnaglu_c + 26.0 trnagly_c + 14.0 trnahis_c + 9.0 trnaile_c + 44.0 trnaleu_c + 7.0 trnalys_c + 11.0 trnamet_c + 18.0 trnaphe_c + 31.0 trnapro_c + 29.0 trnaser_c + 18.0 trnathr_c + 5.0 trnatrp_c + 8.0 trnatyr_c + 27.0 trnaval_c
SERTRS,atp_c + ser_L_c + trnaser_c --> amp_c + ppi_c + sertrna_c
PROT_pe_RSc3188_S,RSc3188_p + 2751.0 atp_c + 2751.0 h2o_c --> RSc3188_e + 2751.0 adp_c + 2751.0 h_c + 2751.0 pi_c
PROTRS,atp_c + pro_L_c + trnapro_c --> amp_c + ppi_c + protrna_c
3HAD40,3haACP_c --> but2eACP_c + h2o_c
ADSK,aps_c + atp_c --> adp_c + h_c + paps_c
DADA,dad_2_c + h2o_c + h_c --> din_c + nh4_c
GLNGLYtex,gln_L_gly_e <=> gln_L_gly_p
EX_cm_e_,cm_e <=> cm_b
DNAd_no2r,DNA_c + no2r_c --> DNAm_c + hno2_c
ADSS,asp_L_c + gtp_c + imp_c --> dcamp_c + gdp_c + 2.0 h_c + pi_c
EX_T3SS_E_RipAZ1_e_,RipAZ1_e <=> RipAZ1_b
EX_indpyr_e_,indpyr_e <=> indpyr_b
DADK,atp_c + damp_c <=> adp_c + dadp_c
EX_cys_L_e_,cys_L_e <=> cys_L_b
UPPRTr,prpp_c + ura_c --> ppi_c + ump_c
IND3ACLNtex,ind3acnl_e <=> ind3acnl_p
T3SS_E_RipAY_S,RipAY_c + 416.0 atp_c + 416.0 h2o_c --> RipAY_e + 416.0 adp_c + 416.0 h_c + 416.0 pi_c
EX_protein_Pme_e_,Pme_e --> Pme_b
DDCAtex,ddca_e <=> ddca_p
BUTSO3tex,butso3_e <=> butso3_p
EX_gthox_e_,gthox_e <=> gthox_b
RPI,r5p_c <=> ru5p_D_c
DSBDR,dsbdox_c + trdrd_c --> dsbdrd_c + trdox_c
VALabcpp,atp_c + h2o_c + val_L_p --> adp_c + h_c + pi_c + val_L_c
T3SS_E_RipH3_S,RipH3_c + 710.0 atp_c + 710.0 h2o_c --> RipH3_e + 710.0 adp_c + 710.0 h_c + 710.0 pi_c
RPE,ru5p_D_c <=> xu5p_D_c
ANS,chor_c + gln_L_c --> anth_c + glu_L_c + h_c + pyr_c
DHAtex,dha_e <=> dha_p
T3SS_E_RipP2_BioS,60.0 alatrna_c + 45.0 argtrna_c + 19.0 asntrna_c + 33.0 asptrna_c + 1622.112 atp_c + 2.0 cystrna_c + 20.0 glntrna_c + 24.0 glutrna_c + 28.0 glytrna_c + 1622.112 h2o_c + 14.0 histrna_c + 11.0 iletrna_c + 38.0 leutrna_c + 16.0 lystrna_c + 15.0 mettrna_c + 11.0 phetrna_c + 34.0 protrna_c + 44.0 sertrna_c + 34.0 thrtrna_c + trptrna_c + 6.0 tyrtrna_c + 33.0 valtrna_c --> RipP2_c + 1622.112 adp_c + 1622.112 h_c + 1622.112 pi_c + 60.0 trnaala_c + 45.0 trnaarg_c + 52.0 trnaasp_c + 2.0 trnacys_c + 20.0 trnagln_c + 24.0 trnaglu_c + 28.0 trnagly_c + 14.0 trnahis_c + 11.0 trnaile_c + 38.0 trnaleu_c + 16.0 trnalys_c + 15.0 trnamet_c + 11.0 trnaphe_c + 34.0 trnapro_c + 44.0 trnaser_c + 34.0 trnathr_c + trnatrp_c + 6.0 trnatyr_c + 33.0 trnaval_c
EX_acglu_L_e_,acglu_e <=> acglu_b
CD2teff_e,cd2_p + h_p --> cd2_b + h_c
GNNUC,gsn_c + h2o_c --> gua_c + rib_D_c
IPMDr,3c2hmp_c + nad_c <=> 3c4mop_c + h_c + nadh_c
PROT_cp_RSp1444_S,RSp1444_c + 1371.0 atp_c + 1371.0 h2o_c --> RSp1444_p + 1371.0 adp_c + 1371.0 h_c + 1371.0 pi_c
SUCCCOAMALTR,mal_L_c + succoa_c <=> malylcoa_c + succ_c
CD2abcpp,atp_c + cd2_c + h2o_c --> adp_c + cd2_b + h_c + pi_c
FBP,fdp_c + h2o_c --> f6p_c + pi_c
ORNtex,orn_e <=> orn_p
MCCC,3mb2coa_c + atp_c + hco3_c --> 3mgcoa_c + adp_c + h_c + pi_c
PIuabcpp,atp_c + h2o_c + pi_p --> adp_c + h_c + 2.0 pi_c
FECRMUtpp,fecrm_un_c + h_p --> fecrm_un_p + h_c
EX_T3SS_E_RipW_e_,RipW_e <=> RipW_b
PROT_pe_RSp0630_S,RSp0630_p + 652.0 atp_c + 652.0 h2o_c --> RSp0630_e + 652.0 adp_c + 652.0 h_c + 652.0 pi_c
T3SS_E_RipI_BioS,62.0 alatrna_c + 33.0 argtrna_c + 9.0 asntrna_c + 21.0 asptrna_c + 1429.32 atp_c + cystrna_c + 24.0 glntrna_c + 32.0 glutrna_c + 19.0 glytrna_c + 1429.32 h2o_c + 22.0 histrna_c + 13.0 iletrna_c + 52.0 leutrna_c + 18.0 lystrna_c + 4.0 mettrna_c + 13.0 phetrna_c + 21.0 protrna_c + 30.0 sertrna_c + 30.0 thrtrna_c + trptrna_c + 9.0 tyrtrna_c + 16.0 valtrna_c --> RipI_c + 1429.32 adp_c + 1429.32 h_c + 1429.32 pi_c + 62.0 trnaala_c + 33.0 trnaarg_c + 30.0 trnaasp_c + trnacys_c + 24.0 trnagln_c + 32.0 trnaglu_c + 19.0 trnagly_c + 22.0 trnahis_c + 13.0 trnaile_c + 52.0 trnaleu_c + 18.0 trnalys_c + 4.0 trnamet_c + 13.0 trnaphe_c + 21.0 trnapro_c + 30.0 trnaser_c + 30.0 trnathr_c + trnatrp_c + 9.0 trnatyr_c + 16.0 trnaval_c
2AGPE181tipp,2agpe181_p --> 2agpe181_c
EX_cellb_e_,cellb_e <=> cellb_b
O2tex,o2_e <=> o2_p
GLUTRS,atp_c + glu_L_c + trnaglu_c --> amp_c + glutrna_c + ppi_c
GLUTRR,glutrna_c + h_c + nadph_c --> glu1sa_c + nadp_c + trnaglu_c
EXOPP,9.0 h2o_c + polypi_c --> 9.0 h_c + 10.0 pi_c
EX_T3SS_E_RipL_e_,RipL_e <=> RipL_b
GALCTND,galctn_D_c --> 2dh3dgal_c + h2o_c
MDDCP4pp,h2o_p + murein5p4p_p --> ala_D_p + murein4p4p_p
Kt3pp,h_p + k_c --> h_c + k_p
AGM3PA,anhgm3p_c + h2o_c --> LalaDgluMdap_c + anhgm_c
CMtpp,cm_p + h_p --> cm_b + h_c
EX_ocdcea_e_,ocdcea_e <=> ocdcea_b
SRHCC,cobalt2_c + scl_c --> copre2_c + 2.0 h_c
ORN5MOO,nadph_c + o2_c + orn_c --> h2o_c + n5horn_c + nadp_c
PMEACPE,h2o_c + pmeACP_c --> h_c + meoh_c + pimACP_c
ADK1,amp_c + atp_c <=> 2.0 adp_c
GRTT,grdp_c + ipdp_c --> frdp_c + ppi_c
ADK2,amp_c + pppi_c <=> adp_c + ppi_c
AGM3PH,anhgm3p_c + h2o_c --> acgam_c + anhm3p_c
EXOPGALUR_2u,2.0 h2o_e + polygalurnxu_e --> 3.0 galur2u_e
GLYOX,h2o_c + lgt_S_c --> gthrd_c + h_c + lac_D_c
FBA,fdp_c <=> dhap_c + g3p_c
DOXRBCNtpp,doxrbcn_p + h_p --> doxrbcn_b + h_c
EX_T6SS_E_RSc0958_e_,RSc0958_e --> RSc0958_b
T3SS_E_RipAH_S,RipAH_c + 96.0 atp_c + 96.0 h2o_c --> RipAH_e + 96.0 adp_c + 96.0 h_c + 96.0 pi_c
HMGL,hmgcoa_c --> acac_c + accoa_c
PROT_RSp1139_BioS,71.0 alatrna_c + 49.0 argtrna_c + 32.0 asntrna_c + 43.0 asptrna_c + 2526.24 atp_c + 3.0 cystrna_c + 29.0 glntrna_c + 41.0 glutrna_c + 76.0 glytrna_c + 2526.24 h2o_c + 25.0 histrna_c + 36.0 iletrna_c + 49.0 leutrna_c + 20.0 lystrna_c + 22.0 mettrna_c + 31.0 phetrna_c + 36.0 protrna_c + 50.0 sertrna_c + 61.0 thrtrna_c + 9.0 trptrna_c + 24.0 tyrtrna_c + 53.0 valtrna_c --> RSp1139_c + 2526.24 adp_c + 2526.24 h_c + 2526.24 pi_c + 71.0 trnaala_c + 49.0 trnaarg_c + 75.0 trnaasp_c + 3.0 trnacys_c + 29.0 trnagln_c + 41.0 trnaglu_c + 76.0 trnagly_c + 25.0 trnahis_c + 36.0 trnaile_c + 49.0 trnaleu_c + 20.0 trnalys_c + 22.0 trnamet_c + 31.0 trnaphe_c + 36.0 trnapro_c + 50.0 trnaser_c + 61.0 trnathr_c + 9.0 trnatrp_c + 24.0 trnatyr_c + 53.0 trnaval_c
ADK3,amp_c + gtp_c <=> adp_c + gdp_c
ACOATA,ACP_c + accoa_c <=> acACP_c + coa_c
ADK4,amp_c + itp_c <=> adp_c + idp_c
APRAUR,5apru_c + h_c + nadph_c --> 5aprbu_c + nadp_c
PROT_RSp0630_BioS,71.0 alatrna_c + 45.0 argtrna_c + 35.0 asntrna_c + 45.0 asptrna_c + 2167.248 atp_c + 5.0 cystrna_c + 38.0 glntrna_c + 33.0 glutrna_c + 40.0 glytrna_c + 2167.248 h2o_c + 19.0 histrna_c + 27.0 iletrna_c + 51.0 leutrna_c + 33.0 lystrna_c + 22.0 mettrna_c + 23.0 phetrna_c + 24.0 protrna_c + 31.0 sertrna_c + 44.0 thrtrna_c + 14.0 trptrna_c + 16.0 tyrtrna_c + 36.0 valtrna_c --> RSp0630_c + 2167.248 adp_c + 2167.248 h_c + 2167.248 pi_c + 71.0 trnaala_c + 45.0 trnaarg_c + 80.0 trnaasp_c + 5.0 trnacys_c + 38.0 trnagln_c + 33.0 trnaglu_c + 40.0 trnagly_c + 19.0 trnahis_c + 27.0 trnaile_c + 51.0 trnaleu_c + 33.0 trnalys_c + 22.0 trnamet_c + 23.0 trnaphe_c + 24.0 trnapro_c + 31.0 trnaser_c + 44.0 trnathr_c + 14.0 trnatrp_c + 16.0 trnatyr_c + 36.0 trnaval_c
MCCDNtex,mccdn_p --> mccdn_e
GDPDPK,atp_c + gdp_c --> amp_c + h_c + ppgpp_c
FE2t3pp,fe2_c + h_p --> fe2_p + h_c
FDR,2.0 fdox_c + nadph_c --> 2.0 fdred_c + h_c + nadp_c
MECDPDH3,2mecdp_c + 2.0 fdred_c + h_c --> 2.0 fdox_c + h2mb4p_c + h2o_c
EX_protein_RSp1444_e_,RSp1444_e --> RSp1444_b
PHBD,h2o_c + pbhb_c --> h_c + 2.0 r3rhbb_c
EX_ampi_e_,ampi_e <=> ampi_b
CYTCO_4pp,4.0 focytc_c + 8.0 h_c + o2_c --> 4.0 ficytc_c + 2.0 h2o_c + 4.0 h_p
PC11M,amet_c + pre4_c --> ahcys_c + h_c + pre5_c
3NTD7pp,3amp_p + h2o_p --> adn_p + pi_p
4HPHACtex,4hphac_e <=> 4hphac_p
SBTabcpp,atp_c + h2o_c + sbt_D_p --> adp_c + h_c + pi_c + sbt_D_c
GAPD,g3p_c + nad_c + pi_c <=> 13dpg_c + h_c + nadh_c
4OD3,2oh3ed_c + h_c --> co2_c + op4en_c
ENDOGLAS,cellos_e + h2o_e --> 14bglucan_e
EX_T3SS_E_RipP2_e_,RipP2_e <=> RipP2_b
PPPGO,1.5 o2_c + pppg9_c --> 3.0 h2o_c + ppp9_c
PSP_L,h2o_c + pser_L_c --> pi_c + ser_L_c
LPLIPAL1A120pp,1ddecg3p_p + h2o_p --> ddca_p + glyc3p_p + h_p
PG140abcpp,atp_c + h2o_c + pg140_c --> adp_c + h_c + pg140_p + pi_c
ALCD19y,glyald_c + h_c + nadph_c --> glyc_c + nadp_c
HCOMODA,3c2hmucsem_c + h_c --> 2hmcnsad_c + co2_c
PHCD,1p3h5c_c + 2.0 h2o_c + nad_c --> e4hglu_c + h_c + nadh_c
ZN2t3pp,h_p + zn2_c --> h_c + zn2_b
GLUDx,glu_L_c + h2o_c + nad_c --> akg_c + h_c + nadh_c + nh4_c
PG181abcpp,atp_c + h2o_c + pg181_c --> adp_c + h_c + pg181_p + pi_c
ATHRDH,athr_L_c + nadp_c --> 2aobut_c + h_c + nadph_c
EX_no3_e_,no3_e <=> no3_b
EX_12dgr141_e_,12dgr141_e <=> 12dgr141_b
MNL2DH,mnl_c + nad_c <=> fru_c + h_c + nadh_c
XANtex,xan_e <=> xan_p
EX_3hcinnm_e_,3hcinnm_e <=> 3hcinnm_b
EX_skm_e_,skm_e <=> skm_b
FRUpts2pp,fru_p + pep_c --> f6p_c + pyr_c
ILEtex,ile_L_e <=> ile_L_p
T3SS_E_RipTAL_BioS,223.0 alatrna_c + 95.0 argtrna_c + 20.0 asntrna_c + 35.0 asptrna_c + 4138.38 atp_c + 6.0 cystrna_c + 69.0 glntrna_c + 63.0 glutrna_c + 89.0 glytrna_c + 4138.38 h2o_c + 29.0 histrna_c + 44.0 iletrna_c + 140.0 leutrna_c + 35.0 lystrna_c + 6.0 mettrna_c + 22.0 phetrna_c + 100.0 protrna_c + 91.0 sertrna_c + 57.0 thrtrna_c + 9.0 trptrna_c + 24.0 tyrtrna_c + 88.0 valtrna_c --> RipTAL_c + 4138.38 adp_c + 4138.38 h_c + 4138.38 pi_c + 223.0 trnaala_c + 95.0 trnaarg_c + 55.0 trnaasp_c + 6.0 trnacys_c + 69.0 trnagln_c + 63.0 trnaglu_c + 89.0 trnagly_c + 29.0 trnahis_c + 44.0 trnaile_c + 140.0 trnaleu_c + 35.0 trnalys_c + 6.0 trnamet_c + 22.0 trnaphe_c + 100.0 trnapro_c + 91.0 trnaser_c + 57.0 trnathr_c + 9.0 trnatrp_c + 24.0 trnatyr_c + 88.0 trnaval_c
DCTPD,dctp_c + h2o_c + h_c --> dutp_c + nh4_c
PC17M,amet_c + pre3b_c --> ahcys_c + 2.0 h_c + pre4_c
FACOAL140t2pp,atp_c + coa_c + h_p + ttdca_p --> amp_c + h_c + ppi_c + tdcoa_c
T3SS_E_RipU2_BioS,37.0 alatrna_c + 22.0 argtrna_c + 7.0 asntrna_c + 11.0 asptrna_c + 983.904 atp_c + 17.0 glntrna_c + 25.0 glutrna_c + 19.0 glytrna_c + 983.904 h2o_c + 14.0 histrna_c + 6.0 iletrna_c + 19.0 leutrna_c + 14.0 lystrna_c + 6.0 mettrna_c + 7.0 phetrna_c + 19.0 protrna_c + 35.0 sertrna_c + 16.0 thrtrna_c + 2.0 trptrna_c + 2.0 tyrtrna_c + 18.0 valtrna_c --> RipU2_c + 983.904 adp_c + 983.904 h_c + 983.904 pi_c + 37.0 trnaala_c + 22.0 trnaarg_c + 18.0 trnaasp_c + 17.0 trnagln_c + 25.0 trnaglu_c + 19.0 trnagly_c + 14.0 trnahis_c + 6.0 trnaile_c + 19.0 trnaleu_c + 14.0 trnalys_c + 6.0 trnamet_c + 7.0 trnaphe_c + 19.0 trnapro_c + 35.0 trnaser_c + 16.0 trnathr_c + 2.0 trnatrp_c + 2.0 trnatyr_c + 18.0 trnaval_c
PA181abcpp,atp_c + h2o_c + pa181_c --> adp_c + h_c + pa181_p + pi_c
T3SS_E_RipN_BioS,78.0 alatrna_c + 28.0 argtrna_c + 24.0 asntrna_c + 31.0 asptrna_c + 1575.576 atp_c + 3.0 cystrna_c + 28.0 glntrna_c + 32.0 glutrna_c + 22.0 glytrna_c + 1575.576 h2o_c + 9.0 histrna_c + 21.0 iletrna_c + 40.0 leutrna_c + 15.0 lystrna_c + 11.0 mettrna_c + 15.0 phetrna_c + 36.0 protrna_c + 22.0 sertrna_c + 27.0 thrtrna_c + trptrna_c + 7.0 tyrtrna_c + 24.0 valtrna_c --> RipN_c + 1575.576 adp_c + 1575.576 h_c + 1575.576 pi_c + 78.0 trnaala_c + 28.0 trnaarg_c + 55.0 trnaasp_c + 3.0 trnacys_c + 28.0 trnagln_c + 32.0 trnaglu_c + 22.0 trnagly_c + 9.0 trnahis_c + 21.0 trnaile_c + 40.0 trnaleu_c + 15.0 trnalys_c + 11.0 trnamet_c + 15.0 trnaphe_c + 36.0 trnapro_c + 22.0 trnaser_c + 27.0 trnathr_c + trnatrp_c + 7.0 trnatyr_c + 24.0 trnaval_c
PGPP120,h2o_c + pgp120_c --> pg120_c + pi_c
GLYKr,atp_c + glyc_c --> adp_c + glyc3p_c + h_c
EX_cro4_e_,cro4_e <=> cro4_b
DTMPK,atp_c + dtmp_c <=> adp_c + dtdp_c
NODOy,nadph_c + 2.0 no_c + 2.0 o2_c --> h_c + nadp_c + 2.0 no3_c
ETHSO3abcpp,atp_c + ethso3_p + h2o_c --> adp_c + ethso3_c + h_c + pi_c
SUCOAS,atp_c + coa_c + succ_c <=> adp_c + pi_c + succoa_c
Tomteff,h_p + tom_p --> h_c + tom_b
T3SS_E_RipB_BioS,73.0 alatrna_c + 37.0 argtrna_c + 10.0 asntrna_c + 33.0 asptrna_c + 1628.76 atp_c + 4.0 cystrna_c + 20.0 glntrna_c + 21.0 glutrna_c + 34.0 glytrna_c + 1628.76 h2o_c + 13.0 histrna_c + 12.0 iletrna_c + 48.0 leutrna_c + 23.0 lystrna_c + 12.0 mettrna_c + 14.0 phetrna_c + 35.0 protrna_c + 17.0 sertrna_c + 28.0 thrtrna_c + 5.0 trptrna_c + 11.0 tyrtrna_c + 40.0 valtrna_c --> RipB_c + 1628.76 adp_c + 1628.76 h_c + 1628.76 pi_c + 73.0 trnaala_c + 37.0 trnaarg_c + 43.0 trnaasp_c + 4.0 trnacys_c + 20.0 trnagln_c + 21.0 trnaglu_c + 34.0 trnagly_c + 13.0 trnahis_c + 12.0 trnaile_c + 48.0 trnaleu_c + 23.0 trnalys_c + 12.0 trnamet_c + 14.0 trnaphe_c + 35.0 trnapro_c + 17.0 trnaser_c + 28.0 trnathr_c + 5.0 trnatrp_c + 11.0 trnatyr_c + 40.0 trnaval_c
NNAMr,h2o_c + ncam_c --> nac_c + nh4_c
EX_T6SS_E_RSp0745_e_,RSp0745_e --> RSp0745_b
G3PD5,glyc3p_c + q8_c --> dhap_c + q8h2_c
EX_taur_e_,taur_e <=> taur_b
2AGPA141tipp,2tdec7eg3p_p --> 2tdec7eg3p_c
GTPCI,gtp_c + h2o_c --> ahdt_c + for_c + h_c
MCCDNS1,3.0 amet_c + atp_c + 3.0 cys_L_c + 7.0 h_c + hxcoa_c + 4.0 malcoa_c + 2.0 nadph_c --> 3.0 ahcys_c + amp_c + 4.0 co2_c + 5.0 coa_c + 7.0 h2o_c + mccdn_c + nadp_c + ppi_c
CMB34OELH,2odhf5a_c + h2o_c --> 3oxoadp_c + h_c
2AGPG141tipp,2agpg141_p --> 2agpg141_c
T3SS_E_RipS4_BioS,442.0 alatrna_c + 242.0 argtrna_c + 61.0 asntrna_c + 153.0 asptrna_c + 8542.68 atp_c + 33.0 cystrna_c + 141.0 glntrna_c + 136.0 glutrna_c + 170.0 glytrna_c + 8542.68 h2o_c + 50.0 histrna_c + 60.0 iletrna_c + 305.0 leutrna_c + 81.0 lystrna_c + 50.0 mettrna_c + 54.0 phetrna_c + 152.0 protrna_c + 129.0 sertrna_c + 109.0 thrtrna_c + 41.0 trptrna_c + 33.0 tyrtrna_c + 128.0 valtrna_c --> RipS4_c + 8542.68 adp_c + 8542.68 h_c + 8542.68 pi_c + 442.0 trnaala_c + 242.0 trnaarg_c + 214.0 trnaasp_c + 33.0 trnacys_c + 141.0 trnagln_c + 136.0 trnaglu_c + 170.0 trnagly_c + 50.0 trnahis_c + 60.0 trnaile_c + 305.0 trnaleu_c + 81.0 trnalys_c + 50.0 trnamet_c + 54.0 trnaphe_c + 152.0 trnapro_c + 129.0 trnaser_c + 109.0 trnathr_c + 41.0 trnatrp_c + 33.0 trnatyr_c + 128.0 trnaval_c
G3PD2,glyc3p_c + nadp_c <=> dhap_c + h_c + nadph_c
GTHOXtex,gthox_e <=> gthox_p
PROT_RSp0881_BioS,123.0 alatrna_c + 30.0 argtrna_c + 38.0 asntrna_c + 34.0 asptrna_c + 2549.508 atp_c + 11.0 cystrna_c + 25.0 glntrna_c + 20.0 glutrna_c + 103.0 glytrna_c + 2549.508 h2o_c + 20.0 histrna_c + 26.0 iletrna_c + 56.0 leutrna_c + 11.0 lystrna_c + 10.0 mettrna_c + 22.0 phetrna_c + 24.0 protrna_c + 50.0 sertrna_c + 68.0 thrtrna_c + 18.0 trptrna_c + 35.0 tyrtrna_c + 43.0 valtrna_c --> RSp0881_c + 2549.508 adp_c + 2549.508 h_c + 2549.508 pi_c + 123.0 trnaala_c + 30.0 trnaarg_c + 72.0 trnaasp_c + 11.0 trnacys_c + 25.0 trnagln_c + 20.0 trnaglu_c + 103.0 trnagly_c + 20.0 trnahis_c + 26.0 trnaile_c + 56.0 trnaleu_c + 11.0 trnalys_c + 10.0 trnamet_c + 22.0 trnaphe_c + 24.0 trnapro_c + 50.0 trnaser_c + 68.0 trnathr_c + 18.0 trnatrp_c + 35.0 trnatyr_c + 43.0 trnaval_c
LPSS2_RS,core_kdo_lipidA_RS_c + 4.0 dtdprmn_c + 5.2 h2o_c + uacgam_c + 0.2 udpxyl_c --> Oantigen_core_kdo_lipidA_RS_c + ac_c + 4.0 dtdp_c + 5.2 h_c + 1.2 udp_c
BIOFILM,PS_RS_e --> PS_RS_b
ARGtex,arg_L_e <=> arg_L_p
EX_gal_e_,gal_e <=> gal_b
PGLYCP,2pglyc_c + h2o_c --> glyclt_c + pi_c
EX_T3SS_E_RipAA_e_,RipAA_e <=> RipAA_b
12GLUCANabcppRS,atp_c + glucan_c + h2o_c --> adp_c + glucan_p + h_c + pi_c
3OADPCOAT,3oxoadp_c + succoa_c <=> oxadpcoa_c + succ_c
EX_hxa_e_,hxa_e <=> hxa_b
EX_ca2__e_,ca2__e <=> ca2__b
FACOAL120t2pp,atp_c + coa_c + ddca_p + h_p --> amp_c + ddcacoa_c + h_c + ppi_c
EX_14bglucan_e_,14bglucan_e <=> 14bglucan_b
EX_mso3_e_,mso3_e <=> mso3_b
PROT_cp_PehB_S,PehB_c + 702.0 atp_c + 702.0 h2o_c --> PehB_p + 702.0 adp_c + 702.0 h_c + 702.0 pi_c
PYNP1,csn_c + r1p_c <=> cytd_c + pi_c
T3SS_E_RipBA_BioS,28.0 alatrna_c + 29.0 argtrna_c + 8.0 asntrna_c + 19.0 asptrna_c + 1030.44 atp_c + 2.0 cystrna_c + 15.0 glntrna_c + 16.0 glutrna_c + 27.0 glytrna_c + 1030.44 h2o_c + 8.0 histrna_c + 17.0 iletrna_c + 24.0 leutrna_c + 20.0 lystrna_c + 5.0 mettrna_c + 8.0 phetrna_c + 24.0 protrna_c + 19.0 sertrna_c + 18.0 thrtrna_c + 5.0 trptrna_c + 5.0 tyrtrna_c + 13.0 valtrna_c --> RipBA_c + 1030.44 adp_c + 1030.44 h_c + 1030.44 pi_c + 28.0 trnaala_c + 29.0 trnaarg_c + 27.0 trnaasp_c + 2.0 trnacys_c + 15.0 trnagln_c + 16.0 trnaglu_c + 27.0 trnagly_c + 8.0 trnahis_c + 17.0 trnaile_c + 24.0 trnaleu_c + 20.0 trnalys_c + 5.0 trnamet_c + 8.0 trnaphe_c + 24.0 trnapro_c + 19.0 trnaser_c + 18.0 trnathr_c + 5.0 trnatrp_c + 5.0 trnatyr_c + 13.0 trnaval_c
PTPAT,atp_c + h_c + pan4p_c --> dpcoa_c + ppi_c
4HPHEA1,4hphac_c + h_c + nadh_c + o2_c --> 34dhpha_c + h2o_c + nad_c
GRXR,grxox_c + 2.0 gthrd_c --> grxrd_c + gthox_c
LPLIPAL1G161pp,1agpg161_p + h2o_p --> g3pg_p + h_p + hdcea_p
EX_protein_RSp0540_e_,RSp0540_e --> RSp0540_b
GPDDA3pp,g3ps_p + h2o_p --> glyc3p_p + h_p + ser_L_p
2AGPA161tipp,2hdec9eg3p_p --> 2hdec9eg3p_c
GMHEPPA,gmhep17bp_c + h2o_c --> gmhep1p_c + pi_c
HACOAD4,3hadpcoa_c + nad_c <=> h_c + nadh_c + oxadpcoa_c
EX_T3SS_E_RipAW_e_,RipAW_e <=> RipAW_b
UM4PL,LalaDgluMdapDala_c + atp_c + uamr_c --> adp_c + h_c + pi_c + um4p_c
PGPP141,h2o_c + pgp141_c --> pg141_c + pi_c
PGPP140,h2o_c + pgp140_c --> pg140_c + pi_c
EX_idon_L_e_,idon_L_e <=> idon_L_b
EX_nh4_e_,nh4_e <=> nh4_b
EX_T3SS_E_RipAL_e_,RipAL_e <=> RipAL_b
PRAIS,atp_c + fpram_c --> adp_c + air_c + 2.0 h_c + pi_c
TRE6PS,g6p_c + udpg_c --> h_c + tre6p_c + udp_c
SULabcpp,atp_c + h2o_c + so4_p --> adp_c + h_c + pi_c + so4_c
ETHSO3tex,ethso3_e <=> ethso3_p
TRE6PP,h2o_c + tre6p_c --> pi_c + tre_c
EXOPGALUR_1u,5.0 h2o_e + polygalurnxu_e --> 6.0 galur_e
SPMDabcpp,atp_c + h2o_c + spmd_p --> adp_c + h_c + pi_c + spmd_c
DMQMT,2omhmbl_c + amet_c --> ahcys_c + h_c + q8h2_c
ASPPROAS,Prot_e --> pept_e
ASPO5,asp_L_c + fum_c --> h_c + iasp_c + succ_c
UAGCVT,pep_c + uacgam_c --> pi_c + uaccg_c
NBAH,bgly_c + h2o_c <=> bz_c + gly_c
ASPO1,asp_L_c + h2o_c + o2_c --> h2o2_c + nh4_c + oaa_c
ampitex,ampi_e <=> ampi_p
T3SS_E_RipAU_S,RipAU_c + 274.0 atp_c + 274.0 h2o_c --> RipAU_e + 274.0 adp_c + 274.0 h_c + 274.0 pi_c
EX_T3SS_E_RipG3_e_,RipG3_e <=> RipG3_b
CLPNS140pp,2.0 pg140_p <=> clpn140_p + glyc_p
ASPO6,asp_L_c + o2_c --> h2o2_c + h_c + iasp_c
PSD180,h_c + ps180_c --> co2_c + pe180_c
PROT_pe_RSc1775_S,RSc1775_p + 3165.0 atp_c + 3165.0 h2o_c --> RSc1775_e + 3165.0 adp_c + 3165.0 h_c + 3165.0 pi_c
PSD181,h_c + ps181_c --> co2_c + pe181_c
NODOx,nadh_c + 2.0 no_c + 2.0 o2_c --> h_c + nad_c + 2.0 no3_c
GSNtex,gsn_e <=> gsn_p
OMBZLM,2ombzl_c + amet_c --> 2ommbl_c + ahcys_c + h_c
TSULabcpp,atp_c + h2o_c + tsul_p --> adp_c + h_c + pi_c + tsul_c
T3SS_E_RipTAL_S,RipTAL_c + 1245.0 atp_c + 1245.0 h2o_c --> RipTAL_e + 1245.0 adp_c + 1245.0 h_c + 1245.0 pi_c
ASPt2pp,asp_L_p + h_p <=> asp_L_c + h_c
THRTRS,atp_c + thr_L_c + trnathr_c --> amp_c + ppi_c + thrtrna_c
EX_ni2_e_,ni2_e <=> ni2_b
PRAGSr,atp_c + gly_c + pram_c <=> adp_c + gar_c + h_c + pi_c
T3SS_E_RipAN_BioS,203.0 alatrna_c + 98.0 argtrna_c + 64.0 asntrna_c + 81.0 asptrna_c + 4786.56 atp_c + 4.0 cystrna_c + 75.0 glntrna_c + 65.0 glutrna_c + 110.0 glytrna_c + 4786.56 h2o_c + 47.0 histrna_c + 45.0 iletrna_c + 133.0 leutrna_c + 66.0 lystrna_c + 31.0 mettrna_c + 40.0 phetrna_c + 102.0 protrna_c + 90.0 sertrna_c + 86.0 thrtrna_c + 10.0 trptrna_c + 32.0 tyrtrna_c + 58.0 valtrna_c --> RipAN_c + 4786.56 adp_c + 4786.56 h_c + 4786.56 pi_c + 203.0 trnaala_c + 98.0 trnaarg_c + 145.0 trnaasp_c + 4.0 trnacys_c + 75.0 trnagln_c + 65.0 trnaglu_c + 110.0 trnagly_c + 47.0 trnahis_c + 45.0 trnaile_c + 133.0 trnaleu_c + 66.0 trnalys_c + 31.0 trnamet_c + 40.0 trnaphe_c + 102.0 trnapro_c + 90.0 trnaser_c + 86.0 trnathr_c + 10.0 trnatrp_c + 32.0 trnatyr_c + 58.0 trnaval_c
PGPP160,h2o_c + pgp160_c --> pg160_c + pi_c
2AGPE140tipp,2agpe140_p --> 2agpe140_c
PROT_cp_RSc0887_S,RSc0887_c + 3501.0 atp_c + 3501.0 h2o_c --> RSc0887_p + 3501.0 adp_c + 3501.0 h_c + 3501.0 pi_c
T3SS_E_RipA3_S,RipA3_c + 1242.0 atp_c + 1242.0 h2o_c --> RipA3_e + 1242.0 adp_c + 1242.0 h_c + 1242.0 pi_c
PGPP161,h2o_c + pgp161_c --> pg161_c + pi_c
GALOR,gal_c + h_c + nadph_c <=> galt_c + nadp_c
EX_T3SS_E_RipZ_e_,RipZ_e <=> RipZ_b
ALAGLNabcpp,ala_L_gln_L_p + atp_c + h2o_c --> adp_c + ala_L_gln_L_c + h_c + pi_c
PROT_RSc0102_ACT,RSc0102_e + ca2__e --> RSc0102_act_e
TMPKr,atp_c + thmmp_c <=> adp_c + thmpp_c
PCW_bd_RSp1180_act,PCW_e + RSp1180_act_e --> PCW_RSp1180_act_pili_e
EX_arbtnl_fe3_e_,arbtnl_fe3_e <=> arbtnl_fe3_b
EX_na1_e_,na1_e <=> na1_b
NTPP11,h2o_c + xtp_c --> h_c + ppi_c + xmp_c
NTPP10,ditp_c + h2o_c --> dimp_c + h_c + ppi_c
MLDCP3App,h2o_p + murein5px3p_p --> alaala_p + murein3px3p_p
EX_PCW_RSc0246_act_e_,PCW_RSc0246_act_e --> PCW_RSc0246_act_b
MUCCY_kt,CCbuttc_c + h_c <=> 4cml_c
EX_octa_e_,octa_e <=> octa_b
TZEAtpp,tzea_c <=> tzea_p
EX_hxan_e_,hxan_e <=> hxan_b
EPStpp,EPS_c + 13.5 atp_c + 13.5 h2o_c --> EPS_p + 13.5 adp_c + 13.5 h_c + 13.5 pi_c
ALATRS,ala_L_c + atp_c + trnaala_c --> alatrna_c + amp_c + ppi_c
PG120abcpp,atp_c + h2o_c + pg120_c --> adp_c + h_c + pg120_p + pi_c
G5SD,glu5p_c + h_c + nadph_c --> glu5sa_c + nadp_c + pi_c
UGLT,gal1p_c + udpg_c <=> g1p_c + udpgal_c
HPYRRx,h_c + hpyr_c + nadh_c --> glyc_R_c + nad_c
HPYRRy,h_c + hpyr_c + nadph_c --> glyc_R_c + nadp_c
D_LACtex,lac_D_e <=> lac_D_p
GLCURDH,glcur_c + h2o_c + nad_c --> glcr_c + 2.0 h_c + nadh_c
MMSAD3,coa_c + msa_c + nad_c --> accoa_c + co2_c + nadh_c
EX_T3SS_E_RipD_e_,RipD_e <=> RipD_b
GLYC3Pabcpp,atp_c + glyc3p_p + h2o_c --> adp_c + glyc3p_c + h_c + pi_c
3OAS120,dcaACP_c + h_c + malACP_c --> 3oddecACP_c + ACP_c + co2_c
FMNRx2,fmn_c + h_c + nadph_c --> fmnh2_c + nadp_c
3OAS121,cdec3eACP_c + h_c + malACP_c --> 3ocddec5eACP_c + ACP_c + co2_c
T3SS_E_RipAD_S,RipAD_c + 648.0 atp_c + 648.0 h2o_c --> RipAD_e + 648.0 adp_c + 648.0 h_c + 648.0 pi_c
THRD,nad_c + thr_L_c --> 2aobut_c + h_c + nadh_c
PACCOALr,atp_c + coa_c + pac_c --> amp_c + phaccoa_c + ppi_c
ADCYRS,adcobdam_c + 4.0 atp_c + 4.0 gln_L_c + 4.0 h2o_c --> adcobhex_c + 4.0 adp_c + 4.0 glu_L_c + 4.0 h_c + 4.0 pi_c
T3SS_E_RipZ_S,RipZ_c + 1368.0 atp_c + 1368.0 h2o_c --> RipZ_e + 1368.0 adp_c + 1368.0 h_c + 1368.0 pi_c
CFAS180G,2.0 amet_c + pg181_c --> 2.0 ahcys_c + cpg180_c + 2.0 h_c
PGPP181,h2o_c + pgp181_c --> pg181_c + pi_c
PGPP180,h2o_c + pgp180_c --> pg180_c + pi_c
PGAMT,gam1p_c <=> gam6p_c
SKM3PCT,pep_c + skm3p_c <=> 3psme_c + pi_c
34HPPOR,34hpp_c + o2_c --> co2_c + hgentis_c
SDPDS,h2o_c + sl26da_c --> 26dap_LL_c + succ_c
GALCTt2rpp,galct_D_p + h_p <=> galct_D_c + h_c
NO3R2,h_c + nadh_c + no3_c --> h2o_c + nad_c + no2_c
EX_2kmb_e_,2kmb_e <=> 2kmb_b
PHEAT2,34hpp_c + phe_L_c <=> phpyr_c + tyr_L_c
lpdperox5,0.00353 clpn160_p + 0.0021 clpn161_p + 0.00087 clpn180_p + 0.00162 clpn181_p + 0.0624 no2r_c + 0.01791 pe160_c + 0.01066 pe161_c + 0.0044 pe180_c + 0.00821 pe181_c + 0.0057 pg160_c + 0.00339 pg161_c + 0.0014 pg180_c + 0.00261 pg181_c --> 0.0624 hno2_c + 0.0624 lpdr_c
PHEAT1,phe_L_c + pyr_c <=> ala_L_c + phpyr_c
lpdperox4,2.0 lpdr_c --> lpd_lpd_c
lpdperox3,0.00353 clpn160_p + 0.0021 clpn161_p + 0.00087 clpn180_p + 0.00162 clpn181_p + 0.01791 pe160_c + 0.01066 pe161_c + 0.0044 pe180_c + 0.00821 pe181_c + 0.0624 peroxyl_lpdr_c + 0.0057 pg160_c + 0.00339 pg161_c + 0.0014 pg180_c + 0.00261 pg181_c --> 0.0624 lpdr_c + 0.0624 peroxyl_lpd_c
FECRMUtex,fecrm_un_p + h_p --> fecrm_un_e + h_c
ALAGLUabcpp,ala_L_glu_L_p + atp_c + h2o_c --> adp_c + ala_L_glu_L_c + h_c + pi_c
PROT_RSc3220_BioS,57.0 alatrna_c + 24.0 argtrna_c + 20.0 asntrna_c + 28.0 asptrna_c + 1691.916 atp_c + 3.0 cystrna_c + 33.0 glntrna_c + 23.0 glutrna_c + 61.0 glytrna_c + 1691.916 h2o_c + 17.0 histrna_c + 16.0 iletrna_c + 43.0 leutrna_c + 19.0 lystrna_c + 12.0 mettrna_c + 11.0 phetrna_c + 27.0 protrna_c + 33.0 sertrna_c + 30.0 thrtrna_c + 7.0 trptrna_c + 11.0 tyrtrna_c + 34.0 valtrna_c --> RSc3220_c + 1691.916 adp_c + 1691.916 h_c + 1691.916 pi_c + 57.0 trnaala_c + 24.0 trnaarg_c + 48.0 trnaasp_c + 3.0 trnacys_c + 33.0 trnagln_c + 23.0 trnaglu_c + 61.0 trnagly_c + 17.0 trnahis_c + 16.0 trnaile_c + 43.0 trnaleu_c + 19.0 trnalys_c + 12.0 trnamet_c + 11.0 trnaphe_c + 27.0 trnapro_c + 33.0 trnaser_c + 30.0 trnathr_c + 7.0 trnatrp_c + 11.0 trnatyr_c + 34.0 trnaval_c
THRA2,athr_L_c --> acald_c + gly_c
MPTS,cpmp_c + cu2_c + 2.0 moadcosh_c --> 5.0 h_c + 2.0 moadcoo_c + mpt_c
AGMHE,adphep_DD_c <=> adphep_LD_c
lpdperox2,lpdr_c + o2_c --> peroxyl_lpdr_c
HKNTDH,h2o_c + hkntd_c --> fum_c + h_c + op4en_c
DOPAQNISO1ex,dopaqn_e --> 2c23dh56dhoxin_e + h_e
KAS14,acACP_c + h_c + malACP_c --> ACP_c + actACP_c + co2_c
lpdperox1,0.00353 clpn160_p + 0.0021 clpn161_p + 0.00087 clpn180_p + 0.00162 clpn181_p + 0.0624 ohr_c + 0.01791 pe160_c + 0.01066 pe161_c + 0.0044 pe180_c + 0.00821 pe181_c + 0.0057 pg160_c + 0.00339 pg161_c + 0.0014 pg180_c + 0.00261 pg181_c --> 0.0624 h2o_c + 0.0624 lpdr_c
IDONtex,idon_L_e <=> idon_L_p
EX_arbtnl_e_,arbtnl_e <=> arbtnl_b
GALKr,atp_c + gal_c --> adp_c + gal1p_c + h_c
MPTG,2.0 uaagmda_c --> 2.0 h_c + murein5p5p_p + 2.0 udcpdp_c
KAS15,accoa_c + h_c + malACP_c --> actACP_c + co2_c + coa_c
UAGPT3,uacgam_c + uagmda_c --> h_c + uaagmda_c + udp_c
T3SS_E_RipO1_BioS,54.0 alatrna_c + 35.0 argtrna_c + 27.0 asntrna_c + 25.0 asptrna_c + 1701.888 atp_c + 8.0 cystrna_c + 20.0 glntrna_c + 36.0 glutrna_c + 35.0 glytrna_c + 1701.888 h2o_c + 17.0 histrna_c + 18.0 iletrna_c + 47.0 leutrna_c + 24.0 lystrna_c + 9.0 mettrna_c + 21.0 phetrna_c + 22.0 protrna_c + 32.0 sertrna_c + 32.0 thrtrna_c + 5.0 trptrna_c + 19.0 tyrtrna_c + 26.0 valtrna_c --> RipO1_c + 1701.888 adp_c + 1701.888 h_c + 1701.888 pi_c + 54.0 trnaala_c + 35.0 trnaarg_c + 52.0 trnaasp_c + 8.0 trnacys_c + 20.0 trnagln_c + 36.0 trnaglu_c + 35.0 trnagly_c + 17.0 trnahis_c + 18.0 trnaile_c + 47.0 trnaleu_c + 24.0 trnalys_c + 9.0 trnamet_c + 21.0 trnaphe_c + 22.0 trnapro_c + 32.0 trnaser_c + 32.0 trnathr_c + 5.0 trnatrp_c + 19.0 trnatyr_c + 26.0 trnaval_c
T3SS_E_RipAY_BioS,49.0 alatrna_c + 28.0 argtrna_c + 14.0 asntrna_c + 22.0 asptrna_c + 1382.784 atp_c + cystrna_c + 11.0 glntrna_c + 22.0 glutrna_c + 31.0 glytrna_c + 1382.784 h2o_c + 11.0 histrna_c + 10.0 iletrna_c + 38.0 leutrna_c + 22.0 lystrna_c + 7.0 mettrna_c + 8.0 phetrna_c + 42.0 protrna_c + 36.0 sertrna_c + 21.0 thrtrna_c + 6.0 trptrna_c + 8.0 tyrtrna_c + 29.0 valtrna_c --> RipAY_c + 1382.784 adp_c + 1382.784 h_c + 1382.784 pi_c + 49.0 trnaala_c + 28.0 trnaarg_c + 36.0 trnaasp_c + trnacys_c + 11.0 trnagln_c + 22.0 trnaglu_c + 31.0 trnagly_c + 11.0 trnahis_c + 10.0 trnaile_c + 38.0 trnaleu_c + 22.0 trnalys_c + 7.0 trnamet_c + 8.0 trnaphe_c + 42.0 trnapro_c + 36.0 trnaser_c + 21.0 trnathr_c + 6.0 trnatrp_c + 8.0 trnatyr_c + 29.0 trnaval_c
3OAS100,h_c + malACP_c + ocACP_c --> 3odecACP_c + ACP_c + co2_c
BDH,bhb_c + nad_c <=> acac_c + h_c + nadh_c
HEXHSLACtpp,hexhslac_c <=> hexhslac_p
EX_tungs_e_,tungs_e <=> tungs_b
CFAS180E,2.0 amet_c + pe181_c --> 2.0 ahcys_c + cpe180_c + 2.0 h_c
UAGDP,acgam1p_c + h_c + utp_c --> ppi_c + uacgam_c
Ktex,k_e <=> k_p
ADEt2rpp,ade_p + h_p <=> ade_c + h_c
3NTD2pp,3ump_p + h2o_p --> pi_p + uri_p
PROT_cp_RSp0540_S,RSp0540_c + 3552.0 atp_c + 3552.0 h2o_c --> RSp0540_p + 3552.0 adp_c + 3552.0 h_c + 3552.0 pi_c
EX_thr_L_e_,thr_L_e <=> thr_L_b
RALFtpp,ralf_c <=> ralf_p
GTHRDtex,gthrd_e <=> gthrd_p
EX_tyr_L_e_,tyr_L_e <=> tyr_L_b
DASYN181,ctp_c + h_c + pa181_c --> cdpdodec11eg_c + ppi_c
EX_34dhphe_e_,34dhphe_e <=> 34dhphe_b
PE180abcpp,atp_c + h2o_c + pe180_c --> adp_c + h_c + pe180_p + pi_c
EX_12dgr161_e_,12dgr161_e <=> 12dgr161_b
4PCP,LalaDgluMdapDala_c + h2o_c --> LalaDgluMdap_c + ala_D_c
Canatex,cana_L_e <=> cana_L_p
DASYN180,ctp_c + h_c + pa180_c --> cdpdodecg_c + ppi_c
GTHRDabcpp,atp_c + gthrd_p + h2o_c --> adp_c + gthrd_c + h_c + pi_c
ALAabcpp,ala_L_p + atp_c + h2o_c --> adp_c + ala_L_c + h_c + pi_c
EX_fru_e_,fru_e <=> fru_b
EX_fecrm_e_,fecrm_e <=> fecrm_b
T3SS_E_RipY_BioS,139.0 alatrna_c + 79.0 argtrna_c + 32.0 asntrna_c + 56.0 asptrna_c + 3087.996 atp_c + 7.0 cystrna_c + 43.0 glntrna_c + 66.0 glutrna_c + 62.0 glytrna_c + 3087.996 h2o_c + 38.0 histrna_c + 34.0 iletrna_c + 85.0 leutrna_c + 33.0 lystrna_c + 12.0 mettrna_c + 23.0 phetrna_c + 57.0 protrna_c + 45.0 sertrna_c + 44.0 thrtrna_c + 5.0 trptrna_c + 11.0 tyrtrna_c + 58.0 valtrna_c --> RipY_c + 3087.996 adp_c + 3087.996 h_c + 3087.996 pi_c + 139.0 trnaala_c + 79.0 trnaarg_c + 88.0 trnaasp_c + 7.0 trnacys_c + 43.0 trnagln_c + 66.0 trnaglu_c + 62.0 trnagly_c + 38.0 trnahis_c + 34.0 trnaile_c + 85.0 trnaleu_c + 33.0 trnalys_c + 12.0 trnamet_c + 23.0 trnaphe_c + 57.0 trnapro_c + 45.0 trnaser_c + 44.0 trnathr_c + 5.0 trnatrp_c + 11.0 trnatyr_c + 58.0 trnaval_c
DHAPtex,dhap_e <=> dhap_p
ADOCBLtonex,adocbl_e + h_p --> adocbl_p + h_c
EX_PCW_RSc0102_act_e_,PCW_RSc0102_act_e --> PCW_RSc0102_act_b
SELtpp,2.0 h_p + sel_p --> 2.0 h_c + sel_c
ASPtex,asp_L_e <=> asp_L_p
GLYCK,atp_c + glyc_R_c --> 2pg_c + adp_c + h_c
ADEtex,ade_e <=> ade_p
NT_DNAf_30kb_ep,DNAf_30kb_e --> DNAf_30kb_p
PEPCKc,gtp_c + oaa_c --> co2_c + gdp_c + pep_c
T3SS_E_RipAR_BioS,99.0 alatrna_c + 53.0 argtrna_c + 22.0 asntrna_c + 33.0 asptrna_c + 2011.02 atp_c + 6.0 cystrna_c + 26.0 glntrna_c + 27.0 glutrna_c + 42.0 glytrna_c + 2011.02 h2o_c + 27.0 histrna_c + 18.0 iletrna_c + 73.0 leutrna_c + 5.0 lystrna_c + 11.0 mettrna_c + 11.0 phetrna_c + 58.0 protrna_c + 30.0 sertrna_c + 33.0 thrtrna_c + 6.0 trptrna_c + 5.0 tyrtrna_c + 20.0 valtrna_c --> RipAR_c + 2011.02 adp_c + 2011.02 h_c + 2011.02 pi_c + 99.0 trnaala_c + 53.0 trnaarg_c + 55.0 trnaasp_c + 6.0 trnacys_c + 26.0 trnagln_c + 27.0 trnaglu_c + 42.0 trnagly_c + 27.0 trnahis_c + 18.0 trnaile_c + 73.0 trnaleu_c + 5.0 trnalys_c + 11.0 trnamet_c + 11.0 trnaphe_c + 58.0 trnapro_c + 30.0 trnaser_c + 33.0 trnathr_c + 6.0 trnatrp_c + 5.0 trnatyr_c + 20.0 trnaval_c
URItex,uri_e <=> uri_p
CRNDabcpp,atp_c + crn_D_p + h2o_c --> adp_c + crn_D_c + h_c + pi_c
G3PItex,g3pi_e <=> g3pi_p
COBALT2tex,cobalt2_e <=> cobalt2_p
PGP181abcpp,atp_c + h2o_c + pgp181_c --> adp_c + h_c + pgp181_p + pi_c
GLYCL,gly_c + nad_c + thf_c <=> co2_c + mlthf_c + nadh_c + nh4_c
HBZOPT,4hbz_c + octdp_c --> 3ophb_c + ppi_c
MLDCP2Bpp,h2o_p + murein4p3p_p --> ala_D_p + murein3p3p_p
NITL4,2.0 h2o_c + pheacnit_c --> nh4_c + pac_c
NITL5,bzonit_c + 2.0 h2o_c --> bz_c + nh4_c
ACM6PH,acmum6p_c + h2o_c --> acgam6p_c + lac_D_c
LPLIPAL1E161pp,1agpe161_p + h2o_p --> g3pe_p + h_p + hdcea_p
OGMEACPD,hgmeACP_c --> egmeACP_c + h2o_c
EX_T3SS_E_RipAD_e_,RipAD_e <=> RipAD_b
PROTCC2,gallate_c + o2_c --> 2py46dc_c + h2o_c + h_c
EX_T3SS_E_RipG6_e_,RipG6_e <=> RipG6_b
PG161abcpp,atp_c + h2o_c + pg161_c --> adp_c + h_c + pg161_p + pi_c
PROT_cp_RSc2149_S,RSc2149_c + 343.0 atp_c + 343.0 h2o_c --> RSc2149_p + 343.0 adp_c + 343.0 h_c + 343.0 pi_c
T3SS_E_RipAK_BioS,147.0 alatrna_c + 67.0 argtrna_c + 18.0 asntrna_c + 45.0 asptrna_c + 2689.116 atp_c + 4.0 cystrna_c + 34.0 glntrna_c + 48.0 glutrna_c + 56.0 glytrna_c + 2689.116 h2o_c + 29.0 histrna_c + 18.0 iletrna_c + 89.0 leutrna_c + 18.0 lystrna_c + 7.0 mettrna_c + 21.0 phetrna_c + 55.0 protrna_c + 50.0 sertrna_c + 29.0 thrtrna_c + 9.0 trptrna_c + 11.0 tyrtrna_c + 54.0 valtrna_c --> RipAK_c + 2689.116 adp_c + 2689.116 h_c + 2689.116 pi_c + 147.0 trnaala_c + 67.0 trnaarg_c + 63.0 trnaasp_c + 4.0 trnacys_c + 34.0 trnagln_c + 48.0 trnaglu_c + 56.0 trnagly_c + 29.0 trnahis_c + 18.0 trnaile_c + 89.0 trnaleu_c + 18.0 trnalys_c + 7.0 trnamet_c + 21.0 trnaphe_c + 55.0 trnapro_c + 50.0 trnaser_c + 29.0 trnathr_c + 9.0 trnatrp_c + 11.0 trnatyr_c + 54.0 trnaval_c
GLYBtex,glyb_e <=> glyb_p
CU1abcpp_in,atp_c + cu_p + h2o_c --> adp_c + cu_c + h_c + pi_c
RBKr,atp_c + rib_D_c <=> adp_c + h_c + r5p_c
MICITDr,2mcacn_c + h2o_c <=> micit_c
EX_protein_RSp0295_act_e_,RSp0295_act_e --> RSp0295_act_b
T6SS_E_RSp0768_S,RSp0768_c + 1006.0 atp_c + 1006.0 h2o_c --> RSp0768_e + 1006.0 adp_c + 1006.0 h_c + 1006.0 pi_c
T3SS_E_RipI_S,RipI_c + 430.0 atp_c + 430.0 h2o_c --> RipI_e + 430.0 adp_c + 430.0 h_c + 430.0 pi_c
UAMAGS,atp_c + glu_D_c + uama_c --> adp_c + h_c + pi_c + uamag_c
THRS,h2o_c + phom_c <=> pi_c + thr_L_c
EX_T3SS_E_RipAO_e_,RipAO_e <=> RipAO_b
METOX3spept,h2o2_c + met_L_pept_c --> h2o_c + metsox_S_L_pept_c
T3SS_E_RipR_BioS,248.0 alatrna_c + 130.0 argtrna_c + 35.0 asntrna_c + 90.0 asptrna_c + 5790.408 atp_c + 7.0 cystrna_c + 90.0 glntrna_c + 76.0 glutrna_c + 167.0 glytrna_c + 5790.408 h2o_c + 48.0 histrna_c + 39.0 iletrna_c + 187.0 leutrna_c + 67.0 lystrna_c + 37.0 mettrna_c + 52.0 phetrna_c + 127.0 protrna_c + 108.0 sertrna_c + 79.0 thrtrna_c + 24.0 trptrna_c + 20.0 tyrtrna_c + 111.0 valtrna_c --> RipR_c + 5790.408 adp_c + 5790.408 h_c + 5790.408 pi_c + 248.0 trnaala_c + 130.0 trnaarg_c + 125.0 trnaasp_c + 7.0 trnacys_c + 90.0 trnagln_c + 76.0 trnaglu_c + 167.0 trnagly_c + 48.0 trnahis_c + 39.0 trnaile_c + 187.0 trnaleu_c + 67.0 trnalys_c + 37.0 trnamet_c + 52.0 trnaphe_c + 127.0 trnapro_c + 108.0 trnaser_c + 79.0 trnathr_c + 24.0 trnatrp_c + 20.0 trnatyr_c + 111.0 trnaval_c
DASYN160,ctp_c + h_c + pa160_c --> cdpdhdecg_c + ppi_c
DASYN161,ctp_c + h_c + pa161_c --> cdpdhdec9eg_c + ppi_c
EX_thm_e_,thm_e <=> thm_b
U23GAAT,3hmrsACP_c + u3hga_c --> ACP_c + h_c + u23ga_c
GLYCabcpp,atp_c + glyc_p + h2o_c --> adp_c + glyc_c + h_c + pi_c
EX_br_e_,br_e <=> br_b
CMtex,cm_e <=> cm_p
BZOTCOA,atp_c + bz_c + coa_c --> amp_c + bzocoa_c + ppi_c
PROT_RSp0768_BioS,149.0 alatrna_c + 76.0 argtrna_c + 22.0 asntrna_c + 59.0 asptrna_c + 3343.944 atp_c + 4.0 cystrna_c + 63.0 glntrna_c + 49.0 glutrna_c + 104.0 glytrna_c + 3343.944 h2o_c + 31.0 histrna_c + 35.0 iletrna_c + 97.0 leutrna_c + 23.0 lystrna_c + 7.0 mettrna_c + 30.0 phetrna_c + 45.0 protrna_c + 55.0 sertrna_c + 67.0 thrtrna_c + 13.0 trptrna_c + 17.0 tyrtrna_c + 60.0 valtrna_c --> RSp0768_c + 3343.944 adp_c + 3343.944 h_c + 3343.944 pi_c + 149.0 trnaala_c + 76.0 trnaarg_c + 81.0 trnaasp_c + 4.0 trnacys_c + 63.0 trnagln_c + 49.0 trnaglu_c + 104.0 trnagly_c + 31.0 trnahis_c + 35.0 trnaile_c + 97.0 trnaleu_c + 23.0 trnalys_c + 7.0 trnamet_c + 30.0 trnaphe_c + 45.0 trnapro_c + 55.0 trnaser_c + 67.0 trnathr_c + 13.0 trnatrp_c + 17.0 trnatyr_c + 60.0 trnaval_c
Q8OXIR,nadph_c + q8_c --> nadp_c + sq8_c
LPLIPAL1A141pp,1tdec7eg3p_p + h2o_p --> glyc3p_p + h_p + ttdcea_p
FACOAL100t2pp,atp_c + coa_c + dca_p + h_p --> amp_c + dcacoa_c + h_c + ppi_c
2AGPA181tipp,2odec11eg3p_p --> 2odec11eg3p_c
SKMtex,skm_e <=> skm_p
O2tpp,o2_p <=> o2_c
EX_T3SS_E_RipS4_e_,RipS4_e <=> RipS4_b
T3SS_E_RipAQ_S,RipAQ_c + 664.0 atp_c + 664.0 h2o_c --> RipAQ_e + 664.0 adp_c + 664.0 h_c + 664.0 pi_c
T3SS_E_RipG6_BioS,90.0 alatrna_c + 43.0 argtrna_c + 42.0 asntrna_c + 27.0 asptrna_c + 2060.88 atp_c + 6.0 cystrna_c + 19.0 glntrna_c + 28.0 glutrna_c + 62.0 glytrna_c + 2060.88 h2o_c + 8.0 histrna_c + 28.0 iletrna_c + 88.0 leutrna_c + 13.0 lystrna_c + 5.0 mettrna_c + 7.0 phetrna_c + 24.0 protrna_c + 61.0 sertrna_c + 30.0 thrtrna_c + 6.0 trptrna_c + 5.0 tyrtrna_c + 28.0 valtrna_c --> RipG6_c + 2060.88 adp_c + 2060.88 h_c + 2060.88 pi_c + 90.0 trnaala_c + 43.0 trnaarg_c + 69.0 trnaasp_c + 6.0 trnacys_c + 19.0 trnagln_c + 28.0 trnaglu_c + 62.0 trnagly_c + 8.0 trnahis_c + 28.0 trnaile_c + 88.0 trnaleu_c + 13.0 trnalys_c + 5.0 trnamet_c + 7.0 trnaphe_c + 24.0 trnapro_c + 61.0 trnaser_c + 30.0 trnathr_c + 6.0 trnatrp_c + 5.0 trnatyr_c + 28.0 trnaval_c
TTRCYCtex,ttrcyc_e <=> ttrcyc_p
ASP1DC,asp_L_c + h_c --> ala_B_c + co2_c
AGMDH,agm_c + h2o_c + nad_c --> gdbtal_c + h_c + nadh_c + nh4_c
OGMEACPS,h_c + malACP_c + malcoame_c --> co2_c + coa_c + ogmeACP_c
ADPT2,aica_c + prpp_c --> aicar_c + ppi_c
OGMEACPR,h_c + nadph_c + ogmeACP_c --> hgmeACP_c + nadp_c
TAURtex,taur_e <=> taur_p
EX_dextrin_e_,dextrin_e <=> dextrin_b
ACCtex,acpc_e <=> acpc_p
NNATr,atp_c + h_c + nicrnt_c <=> dnad_c + ppi_c
TRSAR,2h3oppan_c + h_c + nadh_c --> glyc_R_c + nad_c
PROT_RSc0246_ACT,RSc0246_e + ca2__e --> RSc0246_act_e
PGPP160pp,h2o_p + pgp160_p --> pg160_p + pi_p
GLYAT,2aobut_c + coa_c --> accoa_c + gly_c
T3SS_E_RipTPS_BioS,71.0 alatrna_c + 61.0 argtrna_c + 12.0 asntrna_c + 37.0 asptrna_c + 1851.468 atp_c + 5.0 cystrna_c + 24.0 glntrna_c + 23.0 glutrna_c + 35.0 glytrna_c + 1851.468 h2o_c + 11.0 histrna_c + 21.0 iletrna_c + 51.0 leutrna_c + 11.0 lystrna_c + 14.0 mettrna_c + 14.0 phetrna_c + 42.0 protrna_c + 36.0 sertrna_c + 26.0 thrtrna_c + 10.0 trptrna_c + 15.0 tyrtrna_c + 38.0 valtrna_c --> RipTPS_c + 1851.468 adp_c + 1851.468 h_c + 1851.468 pi_c + 71.0 trnaala_c + 61.0 trnaarg_c + 49.0 trnaasp_c + 5.0 trnacys_c + 24.0 trnagln_c + 23.0 trnaglu_c + 35.0 trnagly_c + 11.0 trnahis_c + 21.0 trnaile_c + 51.0 trnaleu_c + 11.0 trnalys_c + 14.0 trnamet_c + 14.0 trnaphe_c + 42.0 trnapro_c + 36.0 trnaser_c + 26.0 trnathr_c + 10.0 trnatrp_c + 15.0 trnatyr_c + 38.0 trnaval_c
PROT_cp_RSc3151_S,RSc3151_c + 707.0 atp_c + 707.0 h2o_c --> RSc3151_p + 707.0 adp_c + 707.0 h_c + 707.0 pi_c
SLNTtpp,h_p + selt_p --> h_c + selt_c
DASYN141,ctp_c + h_c + pa141_c --> cdpdtdec7eg_c + ppi_c
CBL1tonex,cbl1_e + h_p --> cbl1_p + h_c
DASYN140,ctp_c + h_c + pa140_c --> cdpdtdecg_c + ppi_c
MCPST,cyan_c + mercppyr_c --> h_c + pyr_c + tcynt_c
RFURRAC,ralf2_c --> bzal_c + ralf3_c
INOSTt2pp,h_p + inost_p <=> h_c + inost_c
HXANt2rpp,h_p + hxan_p <=> h_c + hxan_c
T3SS_E_RipV1_BioS,110.0 alatrna_c + 76.0 argtrna_c + 17.0 asntrna_c + 29.0 asptrna_c + 2276.94 atp_c + 2.0 cystrna_c + 32.0 glntrna_c + 47.0 glutrna_c + 38.0 glytrna_c + 2276.94 h2o_c + 18.0 histrna_c + 15.0 iletrna_c + 72.0 leutrna_c + 22.0 lystrna_c + 12.0 mettrna_c + 14.0 phetrna_c + 41.0 protrna_c + 44.0 sertrna_c + 36.0 thrtrna_c + 8.0 trptrna_c + 15.0 tyrtrna_c + 37.0 valtrna_c --> RipV1_c + 2276.94 adp_c + 2276.94 h_c + 2276.94 pi_c + 110.0 trnaala_c + 76.0 trnaarg_c + 46.0 trnaasp_c + 2.0 trnacys_c + 32.0 trnagln_c + 47.0 trnaglu_c + 38.0 trnagly_c + 18.0 trnahis_c + 15.0 trnaile_c + 72.0 trnaleu_c + 22.0 trnalys_c + 12.0 trnamet_c + 14.0 trnaphe_c + 41.0 trnapro_c + 44.0 trnaser_c + 36.0 trnathr_c + 8.0 trnatrp_c + 15.0 trnatyr_c + 37.0 trnaval_c
LPSKOC12TR,ddcaACP_c + h_c + kolipid4_c --> ACP_c + kolipid4L_c
DAAD2,dphe_c + fad_c + h2o_c --> fadh2_c + nh4_c + phpyr_c
T3SS_E_RipH2_BioS,123.0 alatrna_c + 75.0 argtrna_c + 7.0 asntrna_c + 55.0 asptrna_c + 2506.296 atp_c + 10.0 cystrna_c + 19.0 glntrna_c + 50.0 glutrna_c + 52.0 glytrna_c + 2506.296 h2o_c + 17.0 histrna_c + 19.0 iletrna_c + 74.0 leutrna_c + 27.0 lystrna_c + 20.0 mettrna_c + 12.0 phetrna_c + 48.0 protrna_c + 42.0 sertrna_c + 38.0 thrtrna_c + 7.0 trptrna_c + 11.0 tyrtrna_c + 48.0 valtrna_c --> RipH2_c + 2506.296 adp_c + 2506.296 h_c + 2506.296 pi_c + 123.0 trnaala_c + 75.0 trnaarg_c + 62.0 trnaasp_c + 10.0 trnacys_c + 19.0 trnagln_c + 50.0 trnaglu_c + 52.0 trnagly_c + 17.0 trnahis_c + 19.0 trnaile_c + 74.0 trnaleu_c + 27.0 trnalys_c + 20.0 trnamet_c + 12.0 trnaphe_c + 48.0 trnapro_c + 42.0 trnaser_c + 38.0 trnathr_c + 7.0 trnatrp_c + 11.0 trnatyr_c + 48.0 trnaval_c
EX_protein_RSc0246_e_,RSc0246_e --> RSc0246_b
BPNT,h2o_c + pap_c --> amp_c + pi_c
EX_T3SS_E_RipH1_e_,RipH1_e <=> RipH1_b
C8HSLS,amet_c + ocACP_c --> 5mta_c + ACP_c + h_c + ochslac_c
CBPS,2.0 atp_c + gln_L_c + h2o_c + hco3_c --> 2.0 adp_c + cbp_c + glu_L_c + 2.0 h_c + pi_c
EX_his_L_e_,his_L_e <=> his_L_b
23PDE2pp,23cump_p + h2o_p --> 3ump_p + h_p
IND3ACLNtpp,ind3acnl_c <=> ind3acnl_p
MOBDabcpp,atp_c + h2o_c + mobd_p --> adp_c + h_c + mobd_c + pi_c
NADH5,h_c + nadh_c + q8_c --> nad_c + q8h2_c
AHLACYC10,dcahslac_p + h2o_p --> dca_p + hslac_p
EX_T3SS_E_RipA2_e_,RipA2_e <=> RipA2_b
GLNGLUabcpp,atp_c + gln_L_glu_L_p + h2o_c --> adp_c + gln_L_glu_L_c + h_c + pi_c
ARGabcpp,arg_L_p + atp_c + h2o_c --> adp_c + arg_L_c + h_c + pi_c
PACCOAE,h_c + nadph_c + o2_c + phaccoa_c --> h2o_c + nadp_c + rephaccoa_c
Fusartex,fusar_e <=> fusar_p
PROT_PglA_BioS,53.0 alatrna_c + 15.0 argtrna_c + 38.0 asntrna_c + 29.0 asptrna_c + 1765.044 atp_c + 8.0 cystrna_c + 10.0 glntrna_c + 6.0 glutrna_c + 60.0 glytrna_c + 1765.044 h2o_c + 10.0 histrna_c + 27.0 iletrna_c + 35.0 leutrna_c + 21.0 lystrna_c + 5.0 mettrna_c + 20.0 phetrna_c + 28.0 protrna_c + 47.0 sertrna_c + 57.0 thrtrna_c + 5.0 trptrna_c + 13.0 tyrtrna_c + 44.0 valtrna_c --> PglA_c + 1765.044 adp_c + 1765.044 h_c + 1765.044 pi_c + 53.0 trnaala_c + 15.0 trnaarg_c + 67.0 trnaasp_c + 8.0 trnacys_c + 10.0 trnagln_c + 6.0 trnaglu_c + 60.0 trnagly_c + 10.0 trnahis_c + 27.0 trnaile_c + 35.0 trnaleu_c + 21.0 trnalys_c + 5.0 trnamet_c + 20.0 trnaphe_c + 28.0 trnapro_c + 47.0 trnaser_c + 57.0 trnathr_c + 5.0 trnatrp_c + 13.0 trnatyr_c + 44.0 trnaval_c
NTRLASE3,acybut_c + 2.0 h2o_c --> glu_L_c + nh4_c
NTRLASE2,aprop_c + 2.0 h2o_c --> ala_L_c + nh4_c
ILETA,akg_c + ile_L_c <=> 3mop_c + glu_L_c
LDH_D,lac_D_c + nad_c <=> h_c + nadh_c + pyr_c
GLCGSD_e_,14aglucan_e + 11.0 h2o_e --> 12.0 glc_D_e
VNTDM,h_c + nadh_c + o2_c + vanlt_c --> 34dhbz_c + fald_c + h2o_c + nad_c
EX_pencil_e_,pencil_e <=> pencil_b
EX_T3SS_E_RipAS_e_,RipAS_e <=> RipAS_b
PROT_RSc3151_BioS,86.0 alatrna_c + 51.0 argtrna_c + 27.0 asntrna_c + 37.0 asptrna_c + 2350.068 atp_c + 2.0 cystrna_c + 21.0 glntrna_c + 29.0 glutrna_c + 65.0 glytrna_c + 2350.068 h2o_c + 11.0 histrna_c + 30.0 iletrna_c + 64.0 leutrna_c + 14.0 lystrna_c + 12.0 mettrna_c + 30.0 phetrna_c + 46.0 protrna_c + 51.0 sertrna_c + 44.0 thrtrna_c + 9.0 trptrna_c + 25.0 tyrtrna_c + 53.0 valtrna_c --> RSc3151_c + 2350.068 adp_c + 2350.068 h_c + 2350.068 pi_c + 86.0 trnaala_c + 51.0 trnaarg_c + 64.0 trnaasp_c + 2.0 trnacys_c + 21.0 trnagln_c + 29.0 trnaglu_c + 65.0 trnagly_c + 11.0 trnahis_c + 30.0 trnaile_c + 64.0 trnaleu_c + 14.0 trnalys_c + 12.0 trnamet_c + 30.0 trnaphe_c + 46.0 trnapro_c + 51.0 trnaser_c + 44.0 trnathr_c + 9.0 trnatrp_c + 25.0 trnatyr_c + 53.0 trnaval_c
EX_T3SS_E_RipAH_e_,RipAH_e <=> RipAH_b
SUCRtex,sucr_e <=> sucr_p
cafeteff,cafe_p + h_p --> cafe_b + h_c
TARTRt2rpp,h_p + tartr_L_p <=> h_c + tartr_L_c
EX_dha_e_,dha_e <=> dha_b
DASYN120,ctp_c + h_c + pa120_c --> cdpdddecg_c + ppi_c
LIPOCT,h_c + ocACP_c --> ACP_c + octapb_c
T3SS_E_RipC1_S,RipC1_c + 943.0 atp_c + 943.0 h2o_c --> RipC1_e + 943.0 adp_c + 943.0 h_c + 943.0 pi_c
THRt2rpp,h_p + thr_L_p <=> h_c + thr_L_c
NGAME,atp_c + h2o_c --> adp_c + h_c + pi_c
NMNATr,atp_c + h_c + nmn_c <=> nad_c + ppi_c
PHEt2rpp,h_p + phe_L_p <=> h_c + phe_L_c
EX_glu_L_e_,glu_L_e <=> glu_L_b
SARCOX,h2o_c + o2_c + sarcs_c --> fald_c + gly_c + h2o2_c
HDCEAtex,hdcea_e <=> hdcea_p
PCW_bd_RSc3188,PCW_e + RSc3188_e --> PCW_RSc3188_LPS_e
T3SS_E_RipAD_BioS,81.0 alatrna_c + 71.0 argtrna_c + 15.0 asntrna_c + 31.0 asptrna_c + 2153.952 atp_c + 12.0 cystrna_c + 36.0 glntrna_c + 30.0 glutrna_c + 41.0 glytrna_c + 2153.952 h2o_c + 18.0 histrna_c + 13.0 iletrna_c + 99.0 leutrna_c + 2.0 lystrna_c + 15.0 mettrna_c + 8.0 phetrna_c + 49.0 protrna_c + 36.0 sertrna_c + 40.0 thrtrna_c + 8.0 trptrna_c + 5.0 tyrtrna_c + 38.0 valtrna_c --> RipAD_c + 2153.952 adp_c + 2153.952 h_c + 2153.952 pi_c + 81.0 trnaala_c + 71.0 trnaarg_c + 46.0 trnaasp_c + 12.0 trnacys_c + 36.0 trnagln_c + 30.0 trnaglu_c + 41.0 trnagly_c + 18.0 trnahis_c + 13.0 trnaile_c + 99.0 trnaleu_c + 2.0 trnalys_c + 15.0 trnamet_c + 8.0 trnaphe_c + 49.0 trnapro_c + 36.0 trnaser_c + 40.0 trnathr_c + 8.0 trnatrp_c + 5.0 trnatyr_c + 38.0 trnaval_c
CS,accoa_c + h2o_c + oaa_c --> cit_c + coa_c + h_c
FUM,fum_c + h2o_c <=> mal_L_c
NT_DNAf_30kb_pc,DNAf_30kb_p --> DNAf_30kb_c
TYRTRS,atp_c + trnatyr_c + tyr_L_c --> amp_c + ppi_c + tyrtrna_c
GLCRD,glcr_c --> 5dh4dglc_c + h2o_c
5DOAN,dad_5_c + h2o_c --> 5drib_c + ade_c
GLCS1,11.0 adpglc_c + glc_D_c --> 14aglucan_c + 11.0 adp_c + 11.0 h_c
GNIDpp,gnid_c <=> gnid_p
PGP161abcpp,atp_c + h2o_c + pgp161_c --> adp_c + h_c + pgp161_p + pi_c
CLPNS180pp,2.0 pg180_p <=> clpn180_p + glyc_p
EX_glyc_R_e_,glyc_R_e <=> glyc_R_b
3OAS180,h_c + malACP_c + palmACP_c --> 3ooctdACP_c + ACP_c + co2_c
3OAS181,h_c + hdeACP_c + malACP_c --> 3ocvac11eACP_c + ACP_c + co2_c
4NPHP1pp,h2o_p + ntphp_p --> 4nph_p + pi_p
EX_protein_RSc3151_e_,RSc3151_e --> RSc3151_b
PROT_RSc0104_ACT,RSc0104_e + ca2__e --> RSc0104_act_e
2OXBUTOR,2obut_c + coa_c + 2.0 fdox_c --> co2_c + 2.0 fdred_c + h_c + ppcoa_c
MALCOAMT,amet_c + malcoa_c --> ahcys_c + malcoame_c
EPStex,EPS_p <=> EPS_e
LPLIPAL1A181pp,1odec11eg3p_p + h2o_p --> glyc3p_p + h_p + ocdcea_p
Tomtex,tom_e <=> tom_p
ACCOAC,accoa_c + atp_c + hco3_c --> adp_c + h_c + malcoa_c + pi_c
GLU5K,atp_c + glu_L_c --> adp_c + glu5p_c
PROT_RSp0294_BioS,55.0 alatrna_c + 28.0 argtrna_c + 29.0 asntrna_c + 52.0 asptrna_c + 1957.836 atp_c + 22.0 glntrna_c + 25.0 glutrna_c + 75.0 glytrna_c + 1957.836 h2o_c + 6.0 histrna_c + 37.0 iletrna_c + 43.0 leutrna_c + 17.0 lystrna_c + 7.0 mettrna_c + 20.0 phetrna_c + 32.0 protrna_c + 46.0 sertrna_c + 29.0 thrtrna_c + 5.0 trptrna_c + 19.0 tyrtrna_c + 42.0 valtrna_c --> RSp0294_c + 1957.836 adp_c + 1957.836 h_c + 1957.836 pi_c + 55.0 trnaala_c + 28.0 trnaarg_c + 81.0 trnaasp_c + 22.0 trnagln_c + 25.0 trnaglu_c + 75.0 trnagly_c + 6.0 trnahis_c + 37.0 trnaile_c + 43.0 trnaleu_c + 17.0 trnalys_c + 7.0 trnamet_c + 20.0 trnaphe_c + 32.0 trnapro_c + 46.0 trnaser_c + 29.0 trnathr_c + 5.0 trnatrp_c + 19.0 trnatyr_c + 42.0 trnaval_c
AIRC2r,air_c + atp_c + hco3_c --> 5caiz_c + adp_c + h_c + pi_c
IADtpp,iad_c <=> iad_p
EX_xylu_D_e_,xylu_D_e <=> xylu_D_b
EX_PCW_adhesin_e_,PCW_RSp1073_LPS_e --> PCW_RSp1073_LPS_b
PSGlcNAcDA,PS_GlcNAc_p + h2o_p --> PS_PGA_p + ac_p
EX_protein_RSc0887_e_,RSc0887_e --> RSc0887_b
EX_16aglucan_e_,16aglucan_e <=> 16aglucan_b
RBFK,atp_c + ribflv_c --> adp_c + fmn_c + h_c
NT5C,h2o_c + nicrnt_c --> nicrns_c + pi_c
NADK2,datp_c + nad_c --> dadp_c + h_c + nadp_c
NADK1,gtp_c + nad_c --> gdp_c + h_c + nadp_c
EX_PCW_RSc3188_e_,PCW_RSc3188_LPS_e --> PCW_RSc3188_LPS_b
PROT_pe_RSp1620_S,RSp1620_p + 1309.0 atp_c + 1309.0 h2o_c --> RSp1620_e + 1309.0 adp_c + 1309.0 h_c + 1309.0 pi_c
ALKPpp,dhap_p + h2o_p --> dha_p + pi_p
BUTSO3abcpp,atp_c + butso3_p + h2o_c --> adp_c + butso3_c + h_c + pi_c
DALAtex,ala_D_e <=> ala_D_p
TMPPP,2mahmp_c + 4mpetz_c + h_c <=> ppi_c + thmmp_c
DSBAO1,dsbard_p + q8_c --> dsbaox_p + q8h2_c
GLCURtex,glcur_e <=> glcur_p
EX_gln_L_e_,gln_L_e <=> gln_L_b
T3SS_E_RipAG_BioS,13.0 alatrna_c + 9.0 argtrna_c + 3.0 asntrna_c + 5.0 asptrna_c + 325.752 atp_c + cystrna_c + 10.0 glntrna_c + 5.0 glutrna_c + 10.0 glytrna_c + 325.752 h2o_c + 3.0 histrna_c + 2.0 iletrna_c + 5.0 leutrna_c + 3.0 lystrna_c + 2.0 mettrna_c + phetrna_c + 5.0 protrna_c + 9.0 sertrna_c + 5.0 thrtrna_c + 2.0 tyrtrna_c + 5.0 valtrna_c --> RipAG_c + 325.752 adp_c + 325.752 h_c + 325.752 pi_c + 13.0 trnaala_c + 9.0 trnaarg_c + 8.0 trnaasp_c + trnacys_c + 10.0 trnagln_c + 5.0 trnaglu_c + 10.0 trnagly_c + 3.0 trnahis_c + 2.0 trnaile_c + 5.0 trnaleu_c + 3.0 trnalys_c + 2.0 trnamet_c + trnaphe_c + 5.0 trnapro_c + 9.0 trnaser_c + 5.0 trnathr_c + 2.0 trnatyr_c + 5.0 trnaval_c
XPPT,prpp_c + xan_c --> ppi_c + xmp_c
FCLT,fe2_c + ppp9_c --> 2.0 h_c + pheme_c
METALAabcpp,atp_c + h2o_c + met_L_ala_L_p --> adp_c + h_c + met_L_ala_L_c + pi_c
THRAr,thr_L_c --> acald_c + gly_c
BRSUCCDEH,bromosucc_c + h2o_c --> br_c + h_c + mal_L_c
ADSL2r,25aics_c <=> aicar_c + fum_c
TAURabcpp,atp_c + h2o_c + taur_p --> adp_c + h_c + pi_c + taur_c
T3SS_E_RipAU_BioS,37.0 alatrna_c + 24.0 argtrna_c + 2.0 asntrna_c + 20.0 asptrna_c + 910.776 atp_c + cystrna_c + 7.0 glntrna_c + 17.0 glutrna_c + 25.0 glytrna_c + 910.776 h2o_c + 4.0 histrna_c + 10.0 iletrna_c + 24.0 leutrna_c + 14.0 lystrna_c + 2.0 mettrna_c + 7.0 phetrna_c + 27.0 protrna_c + 20.0 sertrna_c + 10.0 thrtrna_c + 3.0 trptrna_c + 6.0 tyrtrna_c + 14.0 valtrna_c --> RipAU_c + 910.776 adp_c + 910.776 h_c + 910.776 pi_c + 37.0 trnaala_c + 24.0 trnaarg_c + 22.0 trnaasp_c + trnacys_c + 7.0 trnagln_c + 17.0 trnaglu_c + 25.0 trnagly_c + 4.0 trnahis_c + 10.0 trnaile_c + 24.0 trnaleu_c + 14.0 trnalys_c + 2.0 trnamet_c + 7.0 trnaphe_c + 27.0 trnapro_c + 20.0 trnaser_c + 10.0 trnathr_c + 3.0 trnatrp_c + 6.0 trnatyr_c + 14.0 trnaval_c
EX_4hbz_e_,4hbz_e <=> 4hbz_b
ALAASPabcpp,ala_L_asp_L_p + atp_c + h2o_c --> adp_c + ala_L_asp_L_c + h_c + pi_c
HISTADH,h2o_c + hista_c + nad_c --> h_c + im4act_c + nadh_c + nh4_c
EX_galur3u_e_,galur3u_e <=> galur3u_b
AMPN,amp_c + h2o_c --> ade_c + r5p_c
3OAS160,h_c + malACP_c + myrsACP_c --> 3opalmACP_c + ACP_c + co2_c
EX_cit_e_,cit_e <=> cit_b
3OAS161,h_c + malACP_c + tdeACP_c --> 3ocpalm9eACP_c + ACP_c + co2_c
PRATPP,h2o_c + prbatp_c --> h_c + ppi_c + prbamp_c
HEXHSLACtex,hexhslac_e <=> hexhslac_p
EX_ocdca_e_,ocdca_e <=> ocdca_b
DAPE,26dap_LL_c <=> 26dap_M_c
EX_12dgr181_e_,12dgr181_e <=> 12dgr181_b
ORPT,orot5p_c + ppi_c <=> orot_c + prpp_c
EX_fer_e_,fer_e <=> fer_b
PE120abcpp,atp_c + h2o_c + pe120_c --> adp_c + h_c + pe120_p + pi_c
TUNGSabcpp,atp_c + h2o_c + tungs_p --> adp_c + h_c + pi_c + tungs_c
EX_protein_PglA_e_,PglA_e --> PglA_b
RALFtex,ralf_e <=> ralf_p
EX_ddca_e_,ddca_e <=> ddca_b
T3SS_E_RipM_S,RipM_c + 584.0 atp_c + 584.0 h2o_c --> RipM_e + 584.0 adp_c + 584.0 h_c + 584.0 pi_c
ADSL1r,dcamp_c <=> amp_c + fum_c
CRNt2rpp,crn_p + h_p <=> crn_c + h_c
C6HSLS,amet_c + hexACP_c --> 5mta_c + ACP_c + h_c + hexhslac_c
MACACI,4mlacac_c <=> 4fumacac_c
ACSERtpp,acser_c --> acser_p
EX_DNAf_30kb_e_,DNAf_30kb_e <=> DNAf_30kb_b
T3SS_E_RipG5_S,RipG5_c + 538.0 atp_c + 538.0 h2o_c --> RipG5_e + 538.0 adp_c + 538.0 h_c + 538.0 pi_c
MI4PP,h2o_c + mi4p_D_c --> inost_c + pi_c
2DHGLCNtex,2dhglcn_e <=> 2dhglcn_p
DHNPA2,dhnpt_c --> 6hmhpt_c + gcald_c
G1DH,glc_D_c + nadp_c <=> g15l_c + h_c + nadph_c
PCW_bd_Rsl2,PCW_D_Mannose_e + Rsl2_e --> PCW_D_Mannose_Rsl2_e
GBEZ,14aglucan_c --> glycogen_c + h2o_c
EX_ppa_e_,ppa_e <=> ppa_b
DM_im4ac,im4ac_c --> im4ac_b
ECOAH12,2mp2coa_c + h2o_c --> 3hibutcoa_c
EX_protein_Mel_e_,Mel_e --> Mel_b
TZEAtex,tzea_e <=> tzea_p
EX_orot_e_,orot_e <=> orot_b
SULDDH,2.0 ficytc_c + h2s_p --> Ss_p + 2.0 focytc_c + 2.0 h_p
PROT_pe_Egl_S,Egl_p + 420.0 atp_c + 420.0 h2o_c --> Egl_e + 420.0 adp_c + 420.0 h_c + 420.0 pi_c
PROT_RSp0294_ACT,RSp0294_e + ca2__e --> RSp0294_act_e
I2FE2ST,4.0 h_c + iscu_DASH_2fe2s_c --> 2fe2s_c + iscu_c
3OAS140,ddcaACP_c + h_c + malACP_c --> 3omrsACP_c + ACP_c + co2_c
EX_T3SS_E_RipAX1_e_,RipAX1_e <=> RipAX1_b
3OAS141,cddec5eACP_c + h_c + malACP_c --> 3ocmrs7eACP_c + ACP_c + co2_c
EX_T6SS_E_RSc3430_e_,RSc3430_e --> RSc3430_b
I2FE2SR,2fe1s_c + iscssh_c + iscu_c --> 4.0 h_c + iscs_c + iscu_DASH_2fe2s_c
I2FE2SS,fadh2_c + 2.0 fe2_c + 2.0 iscssh_c + iscu_c --> fad_c + 6.0 h_c + 2.0 iscs_c + iscu_DASH_2fe2s_c
3HOXIDtex,3hoxid_e <=> 3hoxid_p
EX_galct_D_e_,galct_D_e <=> galct_D_b
EAR180x,h_c + nadh_c + toctd2eACP_c --> nad_c + ocdcaACP_c
T3SS_E_RipAM_S,RipAM_c + 154.0 atp_c + 154.0 h2o_c --> RipAM_e + 154.0 adp_c + 154.0 h_c + 154.0 pi_c
FMETTRS,10fthf_c + mettrna_c --> fmettrna_c + h_c + thf_c
SPODM,2.0 h_c + 2.0 o2s_c --> h2o2_c + o2_c
NTD11,h2o_c + imp_c --> ins_c + pi_c
NTD10,h2o_c + xmp_c --> pi_c + xtsn_c
2AMSADC,2amsa_c + h_c --> aacald_c + co2_c
ACPYRH,fumpyr_c + h2o_c --> fum_c + h_c + pyr_c
NTD12,dimp_c + h2o_c --> din_c + pi_c
T3SS_E_RipP1_S,RipP1_c + 368.0 atp_c + 368.0 h2o_c --> RipP1_e + 368.0 adp_c + 368.0 h_c + 368.0 pi_c
ASPVALabcpp,asp_L_val_L_p + atp_c + h2o_c --> adp_c + asp_L_val_L_c + h_c + pi_c
PROT_pe_PehB_S,PehB_p + 702.0 atp_c + 702.0 h2o_c --> PehB_e + 702.0 adp_c + 702.0 h_c + 702.0 pi_c
23CUMPtex,23cump_e <=> 23cump_p
ALATA_D2,ala_D_c + pydx5p_c --> pyam5p_c + pyr_c
PROT_pe_Pme_S,Pme_p + 439.0 atp_c + 439.0 h2o_c --> Pme_e + 439.0 adp_c + 439.0 h_c + 439.0 pi_c
BRtex,br_e <=> br_p
DHCINDO,dhcinnm_c + o2_c --> h_c + hkntd_c
GLYCTO2,glyclt_c + q8_c --> glx_c + q8h2_c
PROT_cp_RSp0275_S,RSp0275_c + 401.0 atp_c + 401.0 h2o_c --> RSp0275_p + 401.0 adp_c + 401.0 h_c + 401.0 pi_c
PROT_cp_PglA_S,PglA_c + 531.0 atp_c + 531.0 h2o_c --> PglA_p + 531.0 adp_c + 531.0 h_c + 531.0 pi_c
T3SS_E_RipE1_S,RipE1_c + 425.0 atp_c + 425.0 h2o_c --> RipE1_e + 425.0 adp_c + 425.0 h_c + 425.0 pi_c
LPADSS,lipidX_c + u23ga_c --> h_c + lipidAds_c + udp_c
SDPTA,akg_c + sl26da_c <=> glu_L_c + sl2a6o_c
Kabcpp,atp_c + h2o_c + k_p --> adp_c + h_c + k_c + pi_c
LPSabctex,Oantigen_core_kdo_lipidA_RS_p + atp_c + h2o_c --> Oantigen_core_kdo_lipidA_RS_e + adp_c + h_c + pi_c
EX_h2o2_e_,h2o2_e <=> h2o2_b
CRNtex,crn_e <=> crn_p
EAR181x,h_c + nadh_c + t3c11vaceACP_c --> nad_c + octeACP_c
PGP141abcpp,atp_c + h2o_c + pgp141_c --> adp_c + h_c + pgp141_p + pi_c
PROT_cp_Tek2_S,Tek2_c + 517.0 atp_c + 517.0 h2o_c --> Tek2_p + 517.0 adp_c + 517.0 h_c + 517.0 pi_c
PPLCc180,h2o_e + pc180_e --> 12dgr180_e + cholp_e + h_c
PPLCc181,h2o_e + pc181_e --> 12dgr181_e + cholp_e + h_c
T3SS_E_RipS1_BioS,338.0 alatrna_c + 215.0 argtrna_c + 60.0 asntrna_c + 130.0 asptrna_c + 7821.372 atp_c + 22.0 cystrna_c + 126.0 glntrna_c + 133.0 glutrna_c + 171.0 glytrna_c + 7821.372 h2o_c + 61.0 histrna_c + 59.0 iletrna_c + 293.0 leutrna_c + 84.0 lystrna_c + 55.0 mettrna_c + 58.0 phetrna_c + 149.0 protrna_c + 98.0 sertrna_c + 107.0 thrtrna_c + 36.0 trptrna_c + 40.0 tyrtrna_c + 118.0 valtrna_c --> RipS1_c + 7821.372 adp_c + 7821.372 h_c + 7821.372 pi_c + 338.0 trnaala_c + 215.0 trnaarg_c + 190.0 trnaasp_c + 22.0 trnacys_c + 126.0 trnagln_c + 133.0 trnaglu_c + 171.0 trnagly_c + 61.0 trnahis_c + 59.0 trnaile_c + 293.0 trnaleu_c + 84.0 trnalys_c + 55.0 trnamet_c + 58.0 trnaphe_c + 149.0 trnapro_c + 98.0 trnaser_c + 107.0 trnathr_c + 36.0 trnatrp_c + 40.0 trnatyr_c + 118.0 trnaval_c
4HBZtex,4hbz_e <=> 4hbz_p
SO4t2pp,h_p + so4_p --> h_c + so4_c
THRPS,atp_c + thr_L_c --> adp_c + h_c + thrp_c
PRMICI,prfp_c <=> prlp_c
PRFGS,atp_c + fgam_c + gln_L_c + h2o_c --> adp_c + fpram_c + glu_L_c + h_c + pi_c
ASPALAtex,asp_L_ala_L_e <=> asp_L_ala_L_p
PROT_RSc0249_ACT,RSc0249_e + ca2__e --> RSc0249_act_e
2AGPE160tipp,2agpe160_p --> 2agpe160_c
EX_PHB_storage_c,pbhb_c --> pbhb_b
EX_ala_L_asp_L_e_,ala_L_asp_L_e <=> ala_L_asp_L_b
PTRCTA,akg_c + ptrc_c --> 4abutn_c + glu_L_c
PCW_bd_RSp0294_act,PCW_e + RSp0294_act_e --> PCW_RSp0294_act_e
ASPTRS,asp_L_c + atp_c + trnaasp_c --> amp_c + asptrna_c + ppi_c
THRPD,h_c + thrp_c --> applp_c + co2_c
MOGDS,gtp_c + h_c + moco_c --> mocogdp_c + ppi_c
PRAI,pran_c <=> 2cpr5p_c
BZALDD2,3hbzald_c + h2o_c + nad_c --> 3hbenzot_c + 2.0 h_c + nadh_c
BZALDD3,h2o_c + mbzald_c + nadp_c --> 2.0 h_c + nadph_c + otolat_c
LAAO6ex,h2o_e + o2_e + trp_L_e <=> h2o2_e + indpyr_e + nh4_e
EX_LpdDam1,peroxyl_lpd_c --> peroxyl_lpd_b
GENTCOAH,gentscoa_c + h2o_c --> coa_c + gensa_c + h_c
EX_LpdDam2,lpd_lpd_c --> lpd_lpd_b
GDPTPDP,gdptp_c + h2o_c --> gtp_c + ppi_c
GLUNpp,gln_L_p + h2o_p --> glu_L_p + nh4_p
BZALDD4,3mbzald_c + h2o_c + nadp_c --> 2.0 h_c + mtolat_c + nadph_c
BZALDD5,h2o_c + nadp_c + ptolald_c --> 2.0 h_c + m_tol_c + nadph_c
COLIPAabcpp,atp_c + colipa_c + h2o_c --> adp_c + colipa_p + h_c + pi_c
FACOAL161t2pp,atp_c + coa_c + h_p + hdcea_p --> amp_c + h_c + hdcoa_c + ppi_c
LYSt2pp,h_p + lys_L_p --> h_c + lys_L_c
5OXPROtex,5oxpro_e <=> 5oxpro_p
T3SS_E_RipG3_S,RipG3_c + 603.0 atp_c + 603.0 h2o_c --> RipG3_e + 603.0 adp_c + 603.0 h_c + 603.0 pi_c
EX_T3SS_E_RipA5_e_,RipA5_e <=> RipA5_b
EX_T3SS_E_RipG2_e_,RipG2_e <=> RipG2_b
EX_g3pi_e_,g3pi_e <=> g3pi_b
ONOOf_c,h_c + onoo_c --> no2r_c + ohr_c
TSULtex,tsul_e <=> tsul_p
CCGS,atp_c + cdg_c + nh4_c --> adp_c + h2o_c + h_c + pi_c + preq0_c
T3SS_E_RipS6_S,RipS6_c + 848.0 atp_c + 848.0 h2o_c --> RipS6_e + 848.0 adp_c + 848.0 h_c + 848.0 pi_c
ACCSYN1,accoa_c + amp_c + h_c <=> acade_c + coa_c
ACCSYN2,acade_c + ppi_c <=> ac_c + atp_c + h_c
PACt3,na1_p + pac_p <=> na1_c + pac_c
PPLCc160,h2o_e + pc160_e --> 12dgr160_e + cholp_e + h_c
PTRCt2pp,h_p + ptrc_p <=> h_c + ptrc_c
PPLCc161,h2o_e + pc161_e --> 12dgr161_e + cholp_e + h_c
PROT_cp_RSp1536_S,RSp1536_c + 846.0 atp_c + 846.0 h2o_c --> RSp1536_p + 846.0 adp_c + 846.0 h_c + 846.0 pi_c
EGMEACPR,egmeACP_c + h_c + nadph_c --> gmeACP_c + nadp_c
CHTBSabcpp,atp_c + chtbs_p + h2o_c --> adp_c + chtbs_c + h_c + pi_c
EX_phe_L_e_,phe_L_e <=> phe_L_b
EX_T3SS_E_RipAK_e_,RipAK_e <=> RipAK_b
KDOPS,ara5p_c + h2o_c + pep_c --> kdo8p_c + pi_c
EX_asp_L_val_L_e_,asp_L_val_L_e <=> asp_L_val_L_b
MLTGY3pp,murein3p3p_p --> 2.0 anhgm3p_p
T3SS_E_RipAK_S,RipAK_c + 809.0 atp_c + 809.0 h2o_c --> RipAK_e + 809.0 adp_c + 809.0 h_c + 809.0 pi_c
KDOPP,h2o_c + kdo8p_c --> kdo_c + pi_c
PROT_RSp1466_BioS,19.0 alatrna_c + 2.0 argtrna_c + 6.0 asntrna_c + 2.0 asptrna_c + 378.936 atp_c + 2.0 cystrna_c + 12.0 glntrna_c + 8.0 glytrna_c + 378.936 h2o_c + 2.0 histrna_c + 4.0 iletrna_c + 5.0 leutrna_c + 9.0 lystrna_c + 2.0 mettrna_c + 7.0 phetrna_c + 4.0 protrna_c + 7.0 sertrna_c + 9.0 thrtrna_c + 3.0 trptrna_c + 3.0 tyrtrna_c + 8.0 valtrna_c --> RSp1466_c + 378.936 adp_c + 378.936 h_c + 378.936 pi_c + 19.0 trnaala_c + 2.0 trnaarg_c + 8.0 trnaasp_c + 2.0 trnacys_c + 12.0 trnagln_c + 8.0 trnagly_c + 2.0 trnahis_c + 4.0 trnaile_c + 5.0 trnaleu_c + 9.0 trnalys_c + 2.0 trnamet_c + 7.0 trnaphe_c + 4.0 trnapro_c + 7.0 trnaser_c + 9.0 trnathr_c + 3.0 trnatrp_c + 3.0 trnatyr_c + 8.0 trnaval_c
FUMt2_2pp,fum_p + 2.0 h_p --> fum_c + 2.0 h_c
NTRLASE,2.0 h2o_c + ind3acnl_c --> ind3ac_c + nh4_c
AHLACY3OC8,3oochslac_p + h2o_p --> 3oocta_p + hslac_p
METabcpp,atp_c + h2o_c + met_L_p --> adp_c + h_c + met_L_c + pi_c
HG2t3pp,h_p + hg2_c --> h_c + hg2_b
ME2,mal_L_c + nadp_c --> co2_c + nadph_c + pyr_c
DHAD2,23dhmp_c --> 3mop_c + h2o_c
NADS2,atp_c + dnad_c + gln_L_c + h2o_c --> amp_c + glu_L_c + h_c + nad_c + ppi_c
UPP3S,hmbil_c --> h2o_c + uppg3_c
EX_T3SS_E_RipK_e_,RipK_e <=> RipK_b
DHAD1,23dhmb_c --> 3mob_c + h2o_c
T3SS_E_RipZ_BioS,245.0 alatrna_c + 96.0 argtrna_c + 37.0 asntrna_c + 81.0 asptrna_c + 4547.232 atp_c + 5.0 cystrna_c + 85.0 glntrna_c + 66.0 glutrna_c + 91.0 glytrna_c + 4547.232 h2o_c + 32.0 histrna_c + 47.0 iletrna_c + 106.0 leutrna_c + 65.0 lystrna_c + 31.0 mettrna_c + 25.0 phetrna_c + 100.0 protrna_c + 78.0 sertrna_c + 83.0 thrtrna_c + 10.0 trptrna_c + 21.0 tyrtrna_c + 64.0 valtrna_c --> RipZ_c + 4547.232 adp_c + 4547.232 h_c + 4547.232 pi_c + 245.0 trnaala_c + 96.0 trnaarg_c + 118.0 trnaasp_c + 5.0 trnacys_c + 85.0 trnagln_c + 66.0 trnaglu_c + 91.0 trnagly_c + 32.0 trnahis_c + 47.0 trnaile_c + 106.0 trnaleu_c + 65.0 trnalys_c + 31.0 trnamet_c + 25.0 trnaphe_c + 100.0 trnapro_c + 78.0 trnaser_c + 83.0 trnathr_c + 10.0 trnatrp_c + 21.0 trnatyr_c + 64.0 trnaval_c
GLDBRAN2,glycogen_c + h2o_c --> 14aglucan_c
APG3PAT120,ddcap_c + glyc3p_c --> 1ddecg3p_c + h_c + pi_c
MDH,mal_L_c + nad_c <=> h_c + nadh_c + oaa_c
GLTN2pp,g15l_p + h2o_p --> glcn_p + h_p
DPCOAK,atp_c + dpcoa_c --> adp_c + coa_c + h_c
PROT_PlcN_BioS,73.0 alatrna_c + 43.0 argtrna_c + 29.0 asntrna_c + 44.0 asptrna_c + 2326.8 atp_c + 4.0 cystrna_c + 26.0 glntrna_c + 22.0 glutrna_c + 81.0 glytrna_c + 2326.8 h2o_c + 20.0 histrna_c + 22.0 iletrna_c + 55.0 leutrna_c + 15.0 lystrna_c + 8.0 mettrna_c + 27.0 phetrna_c + 47.0 protrna_c + 42.0 sertrna_c + 42.0 thrtrna_c + 16.0 trptrna_c + 34.0 tyrtrna_c + 50.0 valtrna_c --> PlcN_c + 2326.8 adp_c + 2326.8 h_c + 2326.8 pi_c + 73.0 trnaala_c + 43.0 trnaarg_c + 73.0 trnaasp_c + 4.0 trnacys_c + 26.0 trnagln_c + 22.0 trnaglu_c + 81.0 trnagly_c + 20.0 trnahis_c + 22.0 trnaile_c + 55.0 trnaleu_c + 15.0 trnalys_c + 8.0 trnamet_c + 27.0 trnaphe_c + 47.0 trnapro_c + 42.0 trnaser_c + 42.0 trnathr_c + 16.0 trnatrp_c + 34.0 trnatyr_c + 50.0 trnaval_c
25DOPAOXRED,25dop_c + h2o_c + nadp_c --> akg_c + 2.0 h_c + nadph_c
CYSTRS,atp_c + cys_L_c + trnacys_c --> amp_c + cystrna_c + ppi_c
EX_PCW_L_Mannose_Rsl2_e_,PCW_D_Mannose_Rsl2_e --> PCW_D_Mannose_Rsl2_b
EX_ala_D_e_,ala_D_e <=> ala_D_b
RFAMPtpp,h_p + rfamp_p --> h_c + rfamp_b
ONOOf_e,h_e + onoo_e --> no2r_e + ohr_e
DAGK180,12dgr180_c + atp_c --> adp_c + h_c + pa180_c
ASPCTr,asp_L_c + cbp_c --> cbasp_c + h_c + pi_c
PPLCc140,h2o_e + pc140_e --> 12dgr140_e + cholp_e + h_c
DAGK181,12dgr181_c + atp_c --> adp_c + h_c + pa181_c
PPLCc141,h2o_e + pc141_e --> 12dgr141_e + cholp_e + h_c
PROT_RSp0518_BioS,116.0 alatrna_c + 66.0 argtrna_c + 33.0 asntrna_c + 64.0 asptrna_c + 3018.192 atp_c + 7.0 cystrna_c + 49.0 glntrna_c + 40.0 glutrna_c + 91.0 glytrna_c + 3018.192 h2o_c + 26.0 histrna_c + 37.0 iletrna_c + 80.0 leutrna_c + 19.0 lystrna_c + 18.0 mettrna_c + 25.0 phetrna_c + 42.0 protrna_c + 51.0 sertrna_c + 56.0 thrtrna_c + 8.0 trptrna_c + 20.0 tyrtrna_c + 60.0 valtrna_c --> RSp0518_c + 3018.192 adp_c + 3018.192 h_c + 3018.192 pi_c + 116.0 trnaala_c + 66.0 trnaarg_c + 97.0 trnaasp_c + 7.0 trnacys_c + 49.0 trnagln_c + 40.0 trnaglu_c + 91.0 trnagly_c + 26.0 trnahis_c + 37.0 trnaile_c + 80.0 trnaleu_c + 19.0 trnalys_c + 18.0 trnamet_c + 25.0 trnaphe_c + 42.0 trnapro_c + 51.0 trnaser_c + 56.0 trnathr_c + 8.0 trnatrp_c + 20.0 trnatyr_c + 60.0 trnaval_c
GUAPRT,gua_c + prpp_c --> gmp_c + ppi_c
ONOOf_p,h_p + onoo_p --> no2r_p + ohr_p
CO2tpp,co2_p <=> co2_c
PC20M,amet_c + dscl_c --> ahcys_c + h_c + pre3a_c
IMPC,h2o_c + imp_c <=> fprica_c
IMPD,h2o_c + imp_c + nad_c --> h_c + nadh_c + xmp_c
TGBPA,tagdp_D_c <=> dhap_c + g3p_c
FDH6,2.0 ficytc_c + for_p --> co2_p + 2.0 focytc_c + h_p
PROT_ce_RSp0295_S,RSp0295_c + 692.0 atp_c + 692.0 h2o_c --> RSp0295_e + 692.0 adp_c + 692.0 h_c + 692.0 pi_c
acfvteff,acfv_p + h_p --> acfv_b + h_c
CU1O,4.0 cu_c + 4.0 h_c + o2_c --> 4.0 cu2_c + 2.0 h2o_c
4AMBUAT,akg_c + ala_B_c <=> glu_L_c + msa_c
EX_glcur_e_,glcur_e <=> glcur_b
TMKr,atp_c + thm_c <=> adp_c + h_c + thmmp_c
NO3abcpp,atp_c + h2o_c + no3_p --> adp_c + h_c + no3_c + pi_c
UHGADA,h2o_c + u3aga_c --> ac_c + u3hga_c
T3SS_E_RipQ_S,RipQ_c + 518.0 atp_c + 518.0 h2o_c --> RipQ_e + 518.0 adp_c + 518.0 h_c + 518.0 pi_c
PYNP2r,pi_c + uri_c <=> r1p_c + ura_c
METOX2s,h2o2_c + met_L_c --> h2o_c + metsox_R_L_c
EX_Berb_e_,berb_e <=> berb_b
IGPDH,eig3p_c --> h2o_c + imacp_c
EX_protein_RSp0030_e_,RSp0030_e --> RSp0030_b
NTPP9,h2o_c + itp_c --> h_c + imp_c + ppi_c
T3SS_E_RipAE_BioS,92.0 alatrna_c + 45.0 argtrna_c + 21.0 asntrna_c + 37.0 asptrna_c + 2137.332 atp_c + 3.0 cystrna_c + 22.0 glntrna_c + 30.0 glutrna_c + 42.0 glytrna_c + 2137.332 h2o_c + 39.0 histrna_c + 19.0 iletrna_c + 71.0 leutrna_c + 30.0 lystrna_c + 13.0 mettrna_c + 10.0 phetrna_c + 39.0 protrna_c + 38.0 sertrna_c + 41.0 thrtrna_c + 5.0 trptrna_c + 9.0 tyrtrna_c + 37.0 valtrna_c --> RipAE_c + 2137.332 adp_c + 2137.332 h_c + 2137.332 pi_c + 92.0 trnaala_c + 45.0 trnaarg_c + 58.0 trnaasp_c + 3.0 trnacys_c + 22.0 trnagln_c + 30.0 trnaglu_c + 42.0 trnagly_c + 39.0 trnahis_c + 19.0 trnaile_c + 71.0 trnaleu_c + 30.0 trnalys_c + 13.0 trnamet_c + 10.0 trnaphe_c + 39.0 trnapro_c + 38.0 trnaser_c + 41.0 trnathr_c + 5.0 trnatrp_c + 9.0 trnatyr_c + 37.0 trnaval_c
NTPP4,ctp_c + h2o_c --> cmp_c + h_c + ppi_c
NTPP3,dctp_c + h2o_c --> dcmp_c + h_c + ppi_c
NTPP5,datp_c + h2o_c --> damp_c + h_c + ppi_c
PG160abcpp,atp_c + h2o_c + pg160_c --> adp_c + h_c + pg160_p + pi_c
VALt2rpp,h_p + val_L_p <=> h_c + val_L_c
AMAOTr,8aonn_c + amet_c <=> amob_c + dann_c
EX_14aglucan_e_,14aglucan_e <=> 14aglucan_b
EX_ins_e_,ins_e <=> ins_b
PSGlcNActpp,PS_GlcNAc_c + 10.0 atp_c + 10.0 h2o_c --> PS_GlcNAc_p + 10.0 adp_c + 10.0 h_c + 10.0 pi_c
EX_slnt_e_,selt_e <=> selt_b
T3SS_E_RipL_BioS,269.0 alatrna_c + 113.0 argtrna_c + 28.0 asntrna_c + 87.0 asptrna_c + 4663.572 atp_c + 17.0 cystrna_c + 54.0 glntrna_c + 87.0 glutrna_c + 93.0 glytrna_c + 4663.572 h2o_c + 33.0 histrna_c + 47.0 iletrna_c + 135.0 leutrna_c + 37.0 lystrna_c + 34.0 mettrna_c + 26.0 phetrna_c + 77.0 protrna_c + 87.0 sertrna_c + 57.0 thrtrna_c + 15.0 trptrna_c + 18.0 tyrtrna_c + 89.0 valtrna_c --> RipL_c + 4663.572 adp_c + 4663.572 h_c + 4663.572 pi_c + 269.0 trnaala_c + 113.0 trnaarg_c + 115.0 trnaasp_c + 17.0 trnacys_c + 54.0 trnagln_c + 87.0 trnaglu_c + 93.0 trnagly_c + 33.0 trnahis_c + 47.0 trnaile_c + 135.0 trnaleu_c + 37.0 trnalys_c + 34.0 trnamet_c + 26.0 trnaphe_c + 77.0 trnapro_c + 87.0 trnaser_c + 57.0 trnathr_c + 15.0 trnatrp_c + 18.0 trnatyr_c + 89.0 trnaval_c
IADtex,iad_e <=> iad_p
H2O2FERR,2.0 fe2_c + h2o2_c + 2.0 h2o_c --> 2feooh_c + 4.0 h_c
AM4PA,anhm4p_c + h2o_c --> LalaDgluMdapDala_c + anhm_c
EX_PCW_RSp0294_act_e_,PCW_RSp0294_act_e --> PCW_RSp0294_act_b
SAL5HL,2.0 h_c + o2_c + salc_c --> gensa_c + h2o_c
MCCDNabcpp,atp_c + fe3mccdn_p + h2o_c --> adp_c + fe3mccdn_c + h_c + pi_c
METOX1s,h2o2_c + met_L_c --> h2o_c + metsox_S_L_c
2H5CMMSEMOR,2h5cmmsem_c + h2o_c + nad_c --> chmccm_c + 2.0 h_c + nadh_c
HSERTA,accoa_c + hom_L_c <=> achms_c + coa_c
SUCptspp,pep_c + sucr_p --> pyr_c + suc6p_c
3HPPtpp,3hpp_c + h_c --> 3hpp_p + h_p
GLCNtex,glcn_e <=> glcn_p
PCW_bd_RSp1073,PCW_e + RSp1073_e --> PCW_RSp1073_LPS_e
PCW_bd_RSp1071,PCW_e + RSp1071_e --> PCW_RSp1071_LPS_e
MLDEP2pp,h2o_p + murein5px3p_p --> murein5p3p_p
EX_GKC_storage_c,glycogen_c --> glycogen_b
PPNCL2,4ppan_c + ctp_c + cys_L_c --> 4ppcys_c + cmp_c + h_c + ppi_c
EAR140x,h_c + nadh_c + tmrs2eACP_c --> myrsACP_c + nad_c
PPLCc120,h2o_e + pc120_e --> 12dgr120_e + cholp_e + h_c
UDPGDr,h2o_c + 2.0 nad_c + udpg_c --> 3.0 h_c + 2.0 nadh_c + udpglcur_c
INSEPIH,dkdepiins_c + h2o_c --> dglca_c + h_c
DHORTS,dhor_S_c + h2o_c <=> cbasp_c + h_c
GLNtex,gln_L_e <=> gln_L_p
PRASCS,5aizc_c + asp_L_c + atp_c <=> 25aics_c + adp_c + h_c + pi_c
PGP140abcpp,atp_c + h2o_c + pgp140_c --> adp_c + h_c + pgp140_p + pi_c
AGPAT160,1hdecg3p_c + palmACP_c --> ACP_c + pa160_c
LYSDC,h_c + lys_L_c --> 15dap_c + co2_c
AGPAT161,1hdec9eg3p_c + hdeACP_c --> ACP_c + pa161_c
MESUCCt_1pp,h_p + mesucc_p --> h_c + mesucc_c
THD2pp,2.0 h_p + nadh_c + nadp_c --> 2.0 h_c + nad_c + nadph_c
PROT_CbhA_BioS,13.0 alatrna_c + 6.0 argtrna_c + 8.0 asntrna_c + 2.0 asptrna_c + 365.64 atp_c + 2.0 cystrna_c + 10.0 glntrna_c + 6.0 glytrna_c + 365.64 h2o_c + 2.0 histrna_c + 4.0 iletrna_c + 5.0 leutrna_c + 4.0 lystrna_c + 3.0 mettrna_c + 7.0 phetrna_c + protrna_c + 9.0 sertrna_c + 15.0 thrtrna_c + 2.0 trptrna_c + 3.0 tyrtrna_c + 8.0 valtrna_c --> CbhA_c + 365.64 adp_c + 365.64 h_c + 365.64 pi_c + 13.0 trnaala_c + 6.0 trnaarg_c + 10.0 trnaasp_c + 2.0 trnacys_c + 10.0 trnagln_c + 6.0 trnagly_c + 2.0 trnahis_c + 4.0 trnaile_c + 5.0 trnaleu_c + 4.0 trnalys_c + 3.0 trnamet_c + 7.0 trnaphe_c + trnapro_c + 9.0 trnaser_c + 15.0 trnathr_c + 2.0 trnatrp_c + 3.0 trnatyr_c + 8.0 trnaval_c
EX_glcr_e_,glcr_e <=> glcr_b
EAR141x,h_c + nadh_c + t3c7mrseACP_c --> nad_c + tdeACP_c
IDOND,5dglcn_c + h_c + nadh_c --> idon_L_c + nad_c
HEX7,atp_c + fru_c --> adp_c + f6p_c + h_c
FUSAtpp,fusa_p + h_p --> fusa_b + h_c
EX_glyb_e_,glyb_e <=> glyb_b
CYTBDpp,2.0 h_c + 0.5 o2_c + q8h2_c --> h2o_c + 2.0 h_p + q8_c
HEX1,atp_c + glc_D_c --> adp_c + g6p_c + h_c
CLPNS141pp,2.0 pg141_p <=> clpn141_p + glyc_p
GLYtex,gly_e <=> gly_p
PCW_bd_RSc0246_act,PCW_e + RSc0246_act_e --> PCW_RSc0246_act_e
T3SS_E_RipH2_S,RipH2_c + 754.0 atp_c + 754.0 h2o_c --> RipH2_e + 754.0 adp_c + 754.0 h_c + 754.0 pi_c
ACSERtex,acser_e <=> acser_p
23CGMPtex,23cgmp_e <=> 23cgmp_p
IDONt2rpp,h_p + idon_L_p <=> h_c + idon_L_c
PROAS,Prot_c --> pept_c
2AGPG161tipp,2agpg161_p --> 2agpg161_c
EX_protein_PehC_e_,PehC_e --> PehC_b
ARBTNLSYN,2.0 accoa_c + 4.0 atp_c + 2.0 lys_L_c + 2.0 nadph_c + 2.0 o2_c --> 4.0 adp_c + arbtnl_c + 2.0 coa_c + 4.0 h_c + 2.0 nadp_c + 4.0 pi_c
PTRCabcpp,atp_c + h2o_c + ptrc_p --> adp_c + h_c + pi_c + ptrc_c
DMPPS,h2mb4p_c + h_c + nadh_c --> dmpp_c + h2o_c + nad_c
FUMtex,fum_e <=> fum_p
LPSS1_RS,2.0 adpglc_c + 2.0 dtdprmn_c + hkdolipa_c + 0.2 udpxyl_c --> 2.0 adp_c + core_kdo_lipidA_RS_c + 2.0 dtdp_c + 4.2 h_c + 0.2 udp_c
THFAT,h2o_c + methf_c --> 5fthf_c + h_c
EX_asp_L_e_,asp_L_e <=> asp_L_b
T3SS_E_RipS2_BioS,366.0 alatrna_c + 235.0 argtrna_c + 62.0 asntrna_c + 163.0 asptrna_c + 8253.492 atp_c + 36.0 cystrna_c + 119.0 glntrna_c + 131.0 glutrna_c + 152.0 glytrna_c + 8253.492 h2o_c + 71.0 histrna_c + 70.0 iletrna_c + 281.0 leutrna_c + 87.0 lystrna_c + 52.0 mettrna_c + 63.0 phetrna_c + 162.0 protrna_c + 117.0 sertrna_c + 129.0 thrtrna_c + 35.0 trptrna_c + 30.0 tyrtrna_c + 122.0 valtrna_c --> RipS2_c + 8253.492 adp_c + 8253.492 h_c + 8253.492 pi_c + 366.0 trnaala_c + 235.0 trnaarg_c + 225.0 trnaasp_c + 36.0 trnacys_c + 119.0 trnagln_c + 131.0 trnaglu_c + 152.0 trnagly_c + 71.0 trnahis_c + 70.0 trnaile_c + 281.0 trnaleu_c + 87.0 trnalys_c + 52.0 trnamet_c + 63.0 trnaphe_c + 162.0 trnapro_c + 117.0 trnaser_c + 129.0 trnathr_c + 35.0 trnatrp_c + 30.0 trnatyr_c + 122.0 trnaval_c
EX_glyc2p_e_,glyc2p_e <=> glyc2p_b
CBL1abcpp,atp_c + cbl1_p + h2o_c --> adp_c + cbl1_c + h_c + pi_c
LIPOS,4fe4s_c + 2.0 amet_c + nad_c + octapb_c --> 2fe2s_c + 2.0 dad_5_c + 2.0 fe2_c + lipopb_c + 2.0 met_L_c + nadh_c
AHLACYC8,h2o_p + ochslac_p --> hslac_p + octa_p
AGPAT180,1odecg3p_c + ocdcaACP_c --> ACP_c + pa180_c
T3SS_E_RipK_BioS,53.0 alatrna_c + 37.0 argtrna_c + 16.0 asntrna_c + 41.0 asptrna_c + 1917.948 atp_c + 4.0 cystrna_c + 24.0 glntrna_c + 31.0 glutrna_c + 47.0 glytrna_c + 1917.948 h2o_c + 18.0 histrna_c + 34.0 iletrna_c + 45.0 leutrna_c + 30.0 lystrna_c + 23.0 mettrna_c + 18.0 phetrna_c + 30.0 protrna_c + 43.0 sertrna_c + 34.0 thrtrna_c + trptrna_c + 14.0 tyrtrna_c + 34.0 valtrna_c --> RipK_c + 1917.948 adp_c + 1917.948 h_c + 1917.948 pi_c + 53.0 trnaala_c + 37.0 trnaarg_c + 57.0 trnaasp_c + 4.0 trnacys_c + 24.0 trnagln_c + 31.0 trnaglu_c + 47.0 trnagly_c + 18.0 trnahis_c + 34.0 trnaile_c + 45.0 trnaleu_c + 30.0 trnalys_c + 23.0 trnamet_c + 18.0 trnaphe_c + 30.0 trnapro_c + 43.0 trnaser_c + 34.0 trnathr_c + trnatrp_c + 14.0 trnatyr_c + 34.0 trnaval_c
EX_T6SS_E_RSp0629_e_,RSp0629_e --> RSp0629_b
AGPAT181,1odec11eg3p_c + octeACP_c --> ACP_c + pa181_c
AHLACYC7,h2o_p + hepthslac_p --> hpa_p + hslac_p
EX_protein_RSc0102_e_,RSc0102_e --> RSc0102_b
EX_cd2_e_,cd2_e <=> cd2_b
PROT_ce_RSp1180_S,RSp1180_c + 4106.0 atp_c + 4106.0 h2o_c --> RSp1180_e + 4106.0 adp_c + 4106.0 h_c + 4106.0 pi_c
UPP3MT,2.0 amet_c + uppg3_c --> 2.0 ahcys_c + dscl_c + h_c
3OOCTAtex,3oocta_e <=> 3oocta_p
T3SS_E_RipS2_S,RipS2_c + 2483.0 atp_c + 2483.0 h2o_c --> RipS2_e + 2483.0 adp_c + 2483.0 h_c + 2483.0 pi_c
XYLK,atp_c + xylu_D_c --> adp_c + h_c + xu5p_D_c
PHBD_Ext,h2o_e + pbhb_e <=> h_e + 2.0 r3rhbb_e
NO3R1pp,2.0 h_c + no3_c + q8h2_c --> h2o_c + 2.0 h_p + no2_c + q8_c
TMDPP,pi_c + thymd_c <=> 2dr1p_c + thym_c
EX_Naldx_e_,naldx_e <=> naldx_b
GTHRDHpp,gthrd_p + h2o_p --> cgly_p + glu_L_p
BLUB,fmn_c + h_c + nadh_c + o2_c --> dmbzid_c + e4p_c + h2o_c + nad_c
ZN2abcpp,atp_c + h2o_c + zn2_c --> adp_c + h_c + pi_c + zn2_b
EX_acpc_e,acpc_e <=> acpc_b
EX_ind3acnl_e_,ind3acnl_e <=> ind3acnl_b
XYLUtex,xylu_D_e <=> xylu_D_p
DM_2hyoxplac,2hyoxplac_c --> 2hyoxplac_b
AMPTASEQE,gln_L_glu_L_c + h2o_c --> gln_L_c + glu_L_c
P5CD1p,1pyr5c_c + 2.0 h2o_c + nadp_c --> glu_L_c + h_c + nadph_c
EX_crn_e_,crn_e <=> crn_b
AMPTASEQG,gln_L_gly_c + h2o_c --> gln_L_c + gly_c
MNLtex,mnl_e <=> mnl_p
T3SS_E_RipAM_BioS,24.0 alatrna_c + 12.0 argtrna_c + 5.0 asntrna_c + 6.0 asptrna_c + 511.896 atp_c + 5.0 glntrna_c + 12.0 glutrna_c + 14.0 glytrna_c + 511.896 h2o_c + 3.0 histrna_c + 6.0 iletrna_c + 11.0 leutrna_c + 5.0 lystrna_c + 2.0 mettrna_c + phetrna_c + 11.0 protrna_c + 7.0 sertrna_c + 12.0 thrtrna_c + 2.0 trptrna_c + tyrtrna_c + 15.0 valtrna_c --> RipAM_c + 511.896 adp_c + 511.896 h_c + 511.896 pi_c + 24.0 trnaala_c + 12.0 trnaarg_c + 11.0 trnaasp_c + 5.0 trnagln_c + 12.0 trnaglu_c + 14.0 trnagly_c + 3.0 trnahis_c + 6.0 trnaile_c + 11.0 trnaleu_c + 5.0 trnalys_c + 2.0 trnamet_c + trnaphe_c + 11.0 trnapro_c + 7.0 trnaser_c + 12.0 trnathr_c + 2.0 trnatrp_c + trnatyr_c + 15.0 trnaval_c
23PDE9pp,23cgmp_p + h2o_p --> 3gmp_p + h_p
TDPGDH,dtdpglu_c --> dtdp4d6dg_c + h2o_c
DXPRIi,dxyl5p_c + h_c + nadph_c --> 2me4p_c + nadp_c
EX_PCW_e_,PCW_e <=> PCW_b
T3SS_E_RipAG_S,RipAG_c + 98.0 atp_c + 98.0 h2o_c --> RipAG_e + 98.0 adp_c + 98.0 h_c + 98.0 pi_c
THRD_L,thr_L_c --> 2obut_c + nh4_c
PC6AR,h_c + nadph_c + pre6a_c --> nadp_c + pre6b_c
PSbioS,10.0 udpg_c --> PS_RS_c + 10.0 h_c + 10.0 udp_c
VALTRS,atp_c + trnaval_c + val_L_c --> amp_c + ppi_c + valtrna_c
PYRtex,pyr_e <=> pyr_p
DGLUISO,dglca_c <=> dkglc_c
MDDEP1pp,h2o_p + murein4px4p_p --> murein4p4p_p
ACt4pp,ac_p + na1_p --> ac_c + na1_c
EX_protein_RSp1539_e_,RSp1539_e --> RSp1539_b
T3SS_E_RipD_S,RipD_c + 643.0 atp_c + 643.0 h2o_c --> RipD_e + 643.0 adp_c + 643.0 h_c + 643.0 pi_c
EX_protein_RSp1180_act_e_,RSp1180_act_e --> RSp1180_act_b
EX_acser_e_,acser_e <=> acser_b
PROT_cp_RSp1073_S,RSp1073_c + 3322.0 atp_c + 3322.0 h2o_c --> RSp1073_p + 3322.0 adp_c + 3322.0 h_c + 3322.0 pi_c
EX_T6SS_E_RSp0768_e_,RSp0768_e --> RSp0768_b
EX_T6SS_E_RSp0175_e_,RSp0175_e --> RSp0175_b
EX_asp_L_gln_L_e_,asp_L_gln_L_e <=> asp_L_gln_L_b
MMTSAOR,coa_c + mmtsa_c + nad_c --> co2_c + nadh_c + ppcoa_c
PROabcpp,atp_c + h2o_c + pro_L_p --> adp_c + h_c + pi_c + pro_L_c
ETHAtex,etha_e <=> etha_p
UAPGR,h_c + nadph_c + uaccg_c --> nadp_c + uamr_c
EX_T3SS_E_RipAV_e_,RipAV_e <=> RipAV_b
T3SS_E_RipAX1_S,RipAX1_c + 217.0 atp_c + 217.0 h2o_c --> RipAX1_e + 217.0 adp_c + 217.0 h_c + 217.0 pi_c
HNO2_c,hno2_c <=> h_c + no2_c
ICL,icit_c --> glx_c + succ_c
EX_h2o_e_,h2o_e <=> h2o_b
PROT_RSp0745_BioS,14.0 alatrna_c + 6.0 argtrna_c + 5.0 asntrna_c + 11.0 asptrna_c + 555.108 atp_c + cystrna_c + 10.0 glntrna_c + 11.0 glutrna_c + 14.0 glytrna_c + 555.108 h2o_c + 4.0 histrna_c + 8.0 iletrna_c + 8.0 leutrna_c + 13.0 lystrna_c + 2.0 mettrna_c + 6.0 phetrna_c + 4.0 protrna_c + 17.0 sertrna_c + 11.0 thrtrna_c + 4.0 trptrna_c + 6.0 tyrtrna_c + 12.0 valtrna_c --> RSp0745_c + 555.108 adp_c + 555.108 h_c + 555.108 pi_c + 14.0 trnaala_c + 6.0 trnaarg_c + 16.0 trnaasp_c + trnacys_c + 10.0 trnagln_c + 11.0 trnaglu_c + 14.0 trnagly_c + 4.0 trnahis_c + 8.0 trnaile_c + 8.0 trnaleu_c + 13.0 trnalys_c + 2.0 trnamet_c + 6.0 trnaphe_c + 4.0 trnapro_c + 17.0 trnaser_c + 11.0 trnathr_c + 4.0 trnatrp_c + 6.0 trnatyr_c + 12.0 trnaval_c
GLYCLTtex,glyclt_e <=> glyclt_p
NNDMBRT,dmbzid_c + nicrnt_c --> 5prdmbz_c + h_c + nac_c
EX_T3SS_E_RipBB_e_,RipBB_e <=> RipBB_b
CHORS,3psme_c --> chor_c + pi_c
GALabcpp,atp_c + gal_p + h2o_c --> adp_c + gal_c + h_c + pi_c
CHORM,chor_c --> pphn_c
PSPGAtex,PS_PGA_p --> PS_PGA_e
EX_lys_L_e_,lys_L_e <=> lys_L_b
ETFDH,etfrd_c + q8_c --> etfox_c + q8h2_c
LPSKOabctex,Oantigen_core_ko_lipidA_RS_p + atp_c + h2o_c --> Oantigen_core_ko_lipidA_RS_e + adp_c + h_c + pi_c
MDH2,mal_L_c + q8_c --> oaa_c + q8h2_c
NTD9,gmp_c + h2o_c --> gsn_c + pi_c
PROT_cp_RSp1545_S,RSp1545_c + 2691.0 atp_c + 2691.0 h2o_c --> RSp1545_p + 2691.0 adp_c + 2691.0 h_c + 2691.0 pi_c
PMPK,4ampm_c + atp_c --> 2mahmp_c + adp_c
NTD5,dtmp_c + h2o_c --> pi_c + thymd_c
EX_protein_RSp1467_e_,RSp1467_e --> RSp1467_b
NTD6,damp_c + h2o_c --> dad_2_c + pi_c
RFAMPtex,rfamp_e <=> rfamp_p
NTD7,amp_c + h2o_c --> adn_c + pi_c
GSNt2pp,gsn_p + h_p <=> gsn_c + h_c
EX_protein_RSc1775_e_,RSc1775_e --> RSc1775_b
NTD8,dgmp_c + h2o_c --> dgsn_c + pi_c
NTD1,dump_c + h2o_c --> duri_c + pi_c
NTD2,h2o_c + ump_c --> pi_c + uri_c
EX_cu_e_,cu_e <=> cu_b
NTD3,dcmp_c + h2o_c --> dcyt_c + pi_c
NTD4,cmp_c + h2o_c --> cytd_c + pi_c
EX_g3pe_e_,g3pe_e <=> g3pe_b
GLYCL_glu,gly_c + nad_c + thfglu_c <=> co2_c + mlthfglu_c + nadh_c + nh4_c
DBTSr,atp_c + co2_c + dann_c --> adp_c + dtbt_c + 3.0 h_c + pi_c
EX_no2_e_,no2_e <=> no2_b
CD2tpc,cd2_p <=> cd2_c
TDSK,atp_c + lipidAds_c --> adp_c + h_c + lipidA_c
TMDS,dump_c + mlthf_c --> dhf_c + dtmp_c
PROT_cp_PlcN_S,PlcN_c + 700.0 atp_c + 700.0 h2o_c --> PlcN_p + 700.0 adp_c + 700.0 h_c + 700.0 pi_c
EX_cu2_e_,cu2_e <=> cu2_b
EX_ttrcyc_e_,ttrcyc_e <=> ttrcyc_b
ALPATG160pp,alpp_p + pg160_p --> 2agpg160_p + lpp_p
COCHL,atp_c + cobalt2_c + h2o_c + hgbam_c --> adp_c + co2dam_c + 3.0 h_c + pi_c
2AGPG120tipp,2agpg120_p --> 2agpg120_c
EX_Fusar_e_,fusar_e <=> fusar_b
ARGN,arg_L_c + h2o_c --> orn_c + urea_c
ATPPRTr,atp_c + prpp_c <=> ppi_c + prbatp_c
MDDCP5pp,h2o_p + murein5p3p_p --> ala_D_p + murein4p3p_p
3HBCOAHL,3hibutcoa_c + h2o_c --> 3hmp_c + coa_c + h_c
T6SS_E_RSc3430_S,RSc3430_c + 921.0 atp_c + 921.0 h2o_c --> RSc3430_e + 921.0 adp_c + 921.0 h_c + 921.0 pi_c
PROD2,fad_c + pro_L_c --> 1pyr5c_c + fadh2_c + h_c
AMPTASEMA,h2o_c + met_L_ala_L_c --> ala_L_c + met_L_c
AGM4PA,anhgm4p_c + h2o_c --> LalaDgluMdapDala_c + anhgm_c
PNTOtex,pnto_R_e --> pnto_R_p
GLYALDDr,glyald_c + h2o_c + nad_c --> glyc_R_c + 2.0 h_c + nadh_c
MMM,succoa_c <=> mmcoa_S_c
GPDDA2pp,g3pe_p + h2o_p --> etha_p + glyc3p_p + h_p
BETALDHx,betald_c + h2o_c + nad_c <=> glyb_c + 2.0 h_c + nadh_c
PTHPS,ahdt_c --> 6pthp_c + pppi_c
AP5AH,ap5a_c + h2o_c --> adp_c + atp_c + 2.0 h_c
AGM4PH,anhgm4p_c + h2o_c --> acgam_c + anhm4p_c
T6SS_E_RSc3222_S,RSc3222_c + 547.0 atp_c + 547.0 h2o_c --> RSc3222_e + 547.0 adp_c + 547.0 h_c + 547.0 pi_c
H2O2FERR_minfe2,2.0 fe2ohcl_c + h2o2_c --> 2feooh_c + 2.0 cl_c + 2.0 h_c
SO4tex,so4_e <=> so4_p
GLCURt2rpp,glcur_p + h_p <=> glcur_c + h_c
LPLIPAL1G160pp,1agpg160_p + h2o_p --> g3pg_p + h_p + hdca_p
EAR100x,h_c + nadh_c + tdec2eACP_c --> dcaACP_c + nad_c
ASPGLNabcpp,asp_L_gln_L_p + atp_c + h2o_c --> adp_c + asp_L_gln_L_c + h_c + pi_c
ANHMK,anhm_c + atp_c + h2o_c --> acmum6p_c + adp_c + h_c
EX_protein_Rsl_e_,Rsl_e --> Rsl_b
TDECOAI,tdecoa_c <=> td2coa_c
AMPTASEGQ,gly_gln_L_c + h2o_c --> gln_L_c + gly_c
FTHFD_glu,10fthfglu_c + h2o_c --> for_c + h_c + thfglu_c
SPMDtex,spmd_e <=> spmd_p
SALCS,chor_c --> pyr_c + salc_c
QUES1,gua34tRNA_c + preq1_c --> 7am7dzg34tRNA_c + gua_c
ACONTa,cit_c <=> acon_C_c + h2o_c
QUES2,gua34tRNA_c + h_c + que_c --> gua_c + que34tRNA_c
ACONTb,acon_C_c + h2o_c <=> icit_c
QUES3,7am7dzg34tRNA_c + amet_c --> ade_c + epoxq34tRNA_c + 2.0 h_c + met_L_c
QUES4,epoxq34tRNA_c --> que34tRNA_c
EX_xtsn_e_,xtsn_e <=> xtsn_b
3OAR160,3opalmACP_c + h_c + nadph_c <=> 3hpalmACP_c + nadp_c
3OXCOAT,coa_c + oxadpcoa_c --> accoa_c + succoa_c
3OAR161,3ocpalm9eACP_c + h_c + nadph_c <=> 3hcpalm9eACP_c + nadp_c
3OHPAMEStex,3ohpame_e <=> 3ohpame_p
PCW_bd_Rsl,PCW_L_Fucose_e + Rsl_e --> PCW_L_Fucose_Rsl_e
TRDR,h_c + nadph_c + trdox_c --> nadp_c + trdrd_c
CU1Opp,4.0 cu_p + 4.0 h_p + o2_p --> 4.0 cu2_p + 2.0 h2o_p
PROT_Rsl_BioS,7.0 alatrna_c + 3.0 argtrna_c + 6.0 asntrna_c + 3.0 asptrna_c + 302.484 atp_c + 2.0 cystrna_c + glntrna_c + 3.0 glutrna_c + 11.0 glytrna_c + 302.484 h2o_c + histrna_c + 4.0 iletrna_c + leutrna_c + 3.0 lystrna_c + mettrna_c + phetrna_c + 2.0 protrna_c + 10.0 sertrna_c + 14.0 thrtrna_c + 7.0 trptrna_c + 4.0 tyrtrna_c + 7.0 valtrna_c --> Rsl_c + 302.484 adp_c + 302.484 h_c + 302.484 pi_c + 7.0 trnaala_c + 3.0 trnaarg_c + 9.0 trnaasp_c + 2.0 trnacys_c + trnagln_c + 3.0 trnaglu_c + 11.0 trnagly_c + trnahis_c + 4.0 trnaile_c + trnaleu_c + 3.0 trnalys_c + trnamet_c + trnaphe_c + 2.0 trnapro_c + 10.0 trnaser_c + 14.0 trnathr_c + 7.0 trnatrp_c + 4.0 trnatyr_c + 7.0 trnaval_c
THZPSN,atp_c + cys_L_c + dxyl5p_c + tyr_L_c --> 4hba_c + 4mpetz_c + ala_L_c + amp_c + co2_c + h2o_c + h_c + ppi_c
EAR40x,but2eACP_c + h_c + nadh_c --> butACP_c + nad_c
PROT_cp_RSp0881_S,RSp0881_c + 767.0 atp_c + 767.0 h2o_c --> RSp0881_p + 767.0 adp_c + 767.0 h_c + 767.0 pi_c
G5SADr,glu5sa_c <=> 1pyr5c_c + h2o_c + h_c
METSOXR1pept,metsox_S_L_pept_c + trdrd_c --> h2o_c + met_L_pept_c + trdox_c
Berbtex,berb_e <=> berb_p
GALDTNDabcpp,atp_c + galctn_D_p + h2o_c --> adp_c + galctn_D_c + h_c + pi_c
3HPPtex,3hpp_e <=> 3hpp_p
DNAdr,DNAm_c + 0.165 datp_c + 0.335 dctp_c + 0.335 dgtp_c + 0.165 dttp_c + h2o_c --> 2pglyc_c + DNA_c + incbase_c + ppi_c
PROT_RSc3430_BioS,108.0 alatrna_c + 53.0 argtrna_c + 44.0 asntrna_c + 51.0 asptrna_c + 3061.404 atp_c + 3.0 cystrna_c + 42.0 glntrna_c + 48.0 glutrna_c + 97.0 glytrna_c + 3061.404 h2o_c + 24.0 histrna_c + 50.0 iletrna_c + 58.0 leutrna_c + 34.0 lystrna_c + 18.0 mettrna_c + 36.0 phetrna_c + 38.0 protrna_c + 53.0 sertrna_c + 64.0 thrtrna_c + 10.0 trptrna_c + 35.0 tyrtrna_c + 55.0 valtrna_c --> RSc3430_c + 3061.404 adp_c + 3061.404 h_c + 3061.404 pi_c + 108.0 trnaala_c + 53.0 trnaarg_c + 95.0 trnaasp_c + 3.0 trnacys_c + 42.0 trnagln_c + 48.0 trnaglu_c + 97.0 trnagly_c + 24.0 trnahis_c + 50.0 trnaile_c + 58.0 trnaleu_c + 34.0 trnalys_c + 18.0 trnamet_c + 36.0 trnaphe_c + 38.0 trnapro_c + 53.0 trnaser_c + 64.0 trnathr_c + 10.0 trnatrp_c + 35.0 trnatyr_c + 55.0 trnaval_c
EX_fum_e_,fum_e <=> fum_b
Fenton_e,fe2_e + h2o2_e --> fe3_e + oh_e + ohr_e
SULFACabcpp,atp_c + h2o_c + sulfac_p --> adp_c + h_c + pi_c + sulfac_c
Fenton_c,fe2_c + h2o2_c --> fe3_c + oh_c + ohr_c
DGNSK,atp_c + dgsn_c --> adp_c + dgmp_c + h_c
XTSNtex,xtsn_e <=> xtsn_p
EX_gthrd_e_,gthrd_e <=> gthrd_b
T3SS_E_RipAT_S,RipAT_c + 461.0 atp_c + 461.0 h2o_c --> RipAT_e + 461.0 adp_c + 461.0 h_c + 461.0 pi_c
NO2t2rpp,h_p + no2_p <=> h_c + no2_c
T3SS_E_RipC1_BioS,134.0 alatrna_c + 73.0 argtrna_c + 21.0 asntrna_c + 63.0 asptrna_c + 3134.532 atp_c + 7.0 cystrna_c + 50.0 glntrna_c + 44.0 glutrna_c + 74.0 glytrna_c + 3134.532 h2o_c + 24.0 histrna_c + 36.0 iletrna_c + 89.0 leutrna_c + 25.0 lystrna_c + 23.0 mettrna_c + 17.0 phetrna_c + 72.0 protrna_c + 66.0 sertrna_c + 41.0 thrtrna_c + 8.0 trptrna_c + 14.0 tyrtrna_c + 62.0 valtrna_c --> RipC1_c + 3134.532 adp_c + 3134.532 h_c + 3134.532 pi_c + 134.0 trnaala_c + 73.0 trnaarg_c + 84.0 trnaasp_c + 7.0 trnacys_c + 50.0 trnagln_c + 44.0 trnaglu_c + 74.0 trnagly_c + 24.0 trnahis_c + 36.0 trnaile_c + 89.0 trnaleu_c + 25.0 trnalys_c + 23.0 trnamet_c + 17.0 trnaphe_c + 72.0 trnapro_c + 66.0 trnaser_c + 41.0 trnathr_c + 8.0 trnatrp_c + 14.0 trnatyr_c + 62.0 trnaval_c
PROT_RSp0175_BioS,150.0 alatrna_c + 68.0 argtrna_c + 22.0 asntrna_c + 53.0 asptrna_c + 3197.688 atp_c + 6.0 cystrna_c + 64.0 glntrna_c + 46.0 glutrna_c + 100.0 glytrna_c + 3197.688 h2o_c + 28.0 histrna_c + 34.0 iletrna_c + 88.0 leutrna_c + 23.0 lystrna_c + 7.0 mettrna_c + 32.0 phetrna_c + 46.0 protrna_c + 50.0 sertrna_c + 58.0 thrtrna_c + 12.0 trptrna_c + 17.0 tyrtrna_c + 58.0 valtrna_c --> RSp0175_c + 3197.688 adp_c + 3197.688 h_c + 3197.688 pi_c + 150.0 trnaala_c + 68.0 trnaarg_c + 75.0 trnaasp_c + 6.0 trnacys_c + 64.0 trnagln_c + 46.0 trnaglu_c + 100.0 trnagly_c + 28.0 trnahis_c + 34.0 trnaile_c + 88.0 trnaleu_c + 23.0 trnalys_c + 7.0 trnamet_c + 32.0 trnaphe_c + 46.0 trnapro_c + 50.0 trnaser_c + 58.0 trnathr_c + 12.0 trnatrp_c + 17.0 trnatyr_c + 58.0 trnaval_c
EX_galctn_D_e_,galctn_D_e <=> galctn_D_b
PROT_RSp1536_BioS,117.0 alatrna_c + 32.0 argtrna_c + 48.0 asntrna_c + 37.0 asptrna_c + 2812.104 atp_c + 3.0 cystrna_c + 37.0 glntrna_c + 12.0 glutrna_c + 125.0 glytrna_c + 2812.104 h2o_c + 13.0 histrna_c + 46.0 iletrna_c + 61.0 leutrna_c + 11.0 lystrna_c + 7.0 mettrna_c + 21.0 phetrna_c + 23.0 protrna_c + 74.0 sertrna_c + 81.0 thrtrna_c + 8.0 trptrna_c + 7.0 tyrtrna_c + 83.0 valtrna_c --> RSp1536_c + 2812.104 adp_c + 2812.104 h_c + 2812.104 pi_c + 117.0 trnaala_c + 32.0 trnaarg_c + 85.0 trnaasp_c + 3.0 trnacys_c + 37.0 trnagln_c + 12.0 trnaglu_c + 125.0 trnagly_c + 13.0 trnahis_c + 46.0 trnaile_c + 61.0 trnaleu_c + 11.0 trnalys_c + 7.0 trnamet_c + 21.0 trnaphe_c + 23.0 trnapro_c + 74.0 trnaser_c + 81.0 trnathr_c + 8.0 trnatrp_c + 7.0 trnatyr_c + 83.0 trnaval_c
EX_cbi_e_,cbi_e <=> cbi_b
2AMBZC,anth_c + atp_c + coa_c --> amp_c + anthcoa_c + ppi_c
EX_gsn_e_,gsn_e <=> gsn_b
SUCCtex,succ_e <=> succ_p
MNLabcpp,atp_c + h2o_c + mnl_p --> adp_c + h_c + mnl_c + pi_c
EX_uri_e_,uri_e <=> uri_b
N6IAMPPRH,h2o_c + n6ipadep_c --> n6dmalade_c + r5p_c
PPAtex,ppa_e <=> ppa_p
T3SS_E_RipA2_S,RipA2_c + 1127.0 atp_c + 1127.0 h2o_c --> RipA2_e + 1127.0 adp_c + 1127.0 h_c + 1127.0 pi_c
T3SS_E_RipTPS_S,RipTPS_c + 557.0 atp_c + 557.0 h2o_c --> RipTPS_e + 557.0 adp_c + 557.0 h_c + 557.0 pi_c
GLUDtex,glu_D_e <=> glu_D_p
3OAR140,3omrsACP_c + h_c + nadph_c <=> 3hmrsACP_c + nadp_c
SALCCOAS,atp_c + coa_c + salc_c --> amp_c + ppi_c + salclcoa_c
EX_PCW_RSp0540_e_,PCW_RSp0540_LPS_e --> PCW_RSp0540_LPS_b
ASPabcpp,asp_L_p + atp_c + h2o_c --> adp_c + asp_L_c + h_c + pi_c
CBItonex,cbi_e + h_p --> cbi_p + h_c
FACOAL180t2pp,atp_c + coa_c + h_p + ocdca_p --> amp_c + h_c + ppi_c + stcoa_c
3OAR141,3ocmrs7eACP_c + h_c + nadph_c <=> 3hcmrs7eACP_c + nadp_c
GLUabcpp,atp_c + glu_L_p + h2o_c --> adp_c + glu_L_c + h_c + pi_c
HSLACtex,hslac_e <=> hslac_p
CPC4MT,amet_c + copre4_c --> ahcys_c + copre5_c + h_c
Fenton_p,fe2_p + h2o2_p --> fe3_p + oh_p + ohr_p
ORNTAC,acorn_c + glu_L_c <=> acglu_c + orn_c
T3SS_E_RipA4_BioS,221.0 alatrna_c + 117.0 argtrna_c + 19.0 asntrna_c + 66.0 asptrna_c + 4420.92 atp_c + 8.0 cystrna_c + 59.0 glntrna_c + 67.0 glutrna_c + 106.0 glytrna_c + 4420.92 h2o_c + 37.0 histrna_c + 41.0 iletrna_c + 133.0 leutrna_c + 46.0 lystrna_c + 19.0 mettrna_c + 25.0 phetrna_c + 95.0 protrna_c + 95.0 sertrna_c + 83.0 thrtrna_c + 16.0 trptrna_c + 19.0 tyrtrna_c + 58.0 valtrna_c --> RipA4_c + 4420.92 adp_c + 4420.92 h_c + 4420.92 pi_c + 221.0 trnaala_c + 117.0 trnaarg_c + 85.0 trnaasp_c + 8.0 trnacys_c + 59.0 trnagln_c + 67.0 trnaglu_c + 106.0 trnagly_c + 37.0 trnahis_c + 41.0 trnaile_c + 133.0 trnaleu_c + 46.0 trnalys_c + 19.0 trnamet_c + 25.0 trnaphe_c + 95.0 trnapro_c + 95.0 trnaser_c + 83.0 trnathr_c + 16.0 trnatrp_c + 19.0 trnatyr_c + 58.0 trnaval_c
CBIuabcpp,atp_c + cbi_p + h2o_c --> adp_c + cbi_c + h_c + pi_c
T6SS_E_RSp0175_S,RSp0175_c + 962.0 atp_c + 962.0 h2o_c --> RSp0175_e + 962.0 adp_c + 962.0 h_c + 962.0 pi_c
EX_succ_e_,succ_e <=> succ_b
COBALT2teff_e,cobalt2_p + h_p --> cobalt2_e + h_c
TRPt2rpp,h_p + trp_L_p <=> h_c + trp_L_c
MOCOS,2.0 h_c + mobd_c + mptamp_c --> amp_c + cu2_c + h2o_c + moco_c
PROT_pe_RSp1467_S,RSp1467_p + 109.0 atp_c + 109.0 h2o_c --> RSp1467_e + 109.0 adp_c + 109.0 h_c + 109.0 pi_c
CYO1bc1,2.0 ficytc_c + q8h2_c --> 2.0 focytc_c + 2.0 h_p + q8_c
GLXCL,2.0 glx_c + h_c --> 2h3oppan_c + co2_c
PROT_RSc0887_BioS,512.0 alatrna_c + 124.0 argtrna_c + 274.0 asntrna_c + 159.0 asptrna_c + 11637.324 atp_c + 12.0 cystrna_c + 204.0 glntrna_c + 78.0 glutrna_c + 460.0 glytrna_c + 11637.324 h2o_c + 50.0 histrna_c + 152.0 iletrna_c + 233.0 leutrna_c + 70.0 lystrna_c + 24.0 mettrna_c + 40.0 phetrna_c + 71.0 protrna_c + 354.0 sertrna_c + 329.0 thrtrna_c + 13.0 trptrna_c + 57.0 tyrtrna_c + 285.0 valtrna_c --> RSc0887_c + 11637.324 adp_c + 11637.324 h_c + 11637.324 pi_c + 512.0 trnaala_c + 124.0 trnaarg_c + 433.0 trnaasp_c + 12.0 trnacys_c + 204.0 trnagln_c + 78.0 trnaglu_c + 460.0 trnagly_c + 50.0 trnahis_c + 152.0 trnaile_c + 233.0 trnaleu_c + 70.0 trnalys_c + 24.0 trnamet_c + 40.0 trnaphe_c + 71.0 trnapro_c + 354.0 trnaser_c + 329.0 trnathr_c + 13.0 trnatrp_c + 57.0 trnatyr_c + 285.0 trnaval_c
EX_arg_L_e_,arg_L_e <=> arg_L_b
T3SS_E_RipH1_BioS,131.0 alatrna_c + 68.0 argtrna_c + 14.0 asntrna_c + 41.0 asptrna_c + 2542.86 atp_c + 9.0 cystrna_c + 32.0 glntrna_c + 54.0 glutrna_c + 50.0 glytrna_c + 2542.86 h2o_c + 18.0 histrna_c + 24.0 iletrna_c + 70.0 leutrna_c + 29.0 lystrna_c + 18.0 mettrna_c + 13.0 phetrna_c + 52.0 protrna_c + 45.0 sertrna_c + 36.0 thrtrna_c + 10.0 trptrna_c + 6.0 tyrtrna_c + 45.0 valtrna_c --> RipH1_c + 2542.86 adp_c + 2542.86 h_c + 2542.86 pi_c + 131.0 trnaala_c + 68.0 trnaarg_c + 55.0 trnaasp_c + 9.0 trnacys_c + 32.0 trnagln_c + 54.0 trnaglu_c + 50.0 trnagly_c + 18.0 trnahis_c + 24.0 trnaile_c + 70.0 trnaleu_c + 29.0 trnalys_c + 18.0 trnamet_c + 13.0 trnaphe_c + 52.0 trnapro_c + 45.0 trnaser_c + 36.0 trnathr_c + 10.0 trnatrp_c + 6.0 trnatyr_c + 45.0 trnaval_c
APATr,ala_B_c + pyr_c <=> ala_L_c + msa_c
REPHACCOAI,rephaccoa_c <=> 2oxpaccoa_c
EX_T3SS_E_RipTAL_e_,RipTAL_e <=> RipTAL_b
T3SS_E_RipAC_S,RipAC_c + 984.0 atp_c + 984.0 h2o_c --> RipAC_e + 984.0 adp_c + 984.0 h_c + 984.0 pi_c
T3SS_E_RipQ_BioS,97.0 alatrna_c + 30.0 argtrna_c + 10.0 asntrna_c + 20.0 asptrna_c + 1721.832 atp_c + 27.0 glntrna_c + 18.0 glutrna_c + 42.0 glytrna_c + 1721.832 h2o_c + 16.0 histrna_c + 18.0 iletrna_c + 39.0 leutrna_c + 11.0 lystrna_c + 12.0 mettrna_c + 14.0 phetrna_c + 32.0 protrna_c + 45.0 sertrna_c + 46.0 thrtrna_c + 7.0 trptrna_c + 5.0 tyrtrna_c + 29.0 valtrna_c --> RipQ_c + 1721.832 adp_c + 1721.832 h_c + 1721.832 pi_c + 97.0 trnaala_c + 30.0 trnaarg_c + 30.0 trnaasp_c + 27.0 trnagln_c + 18.0 trnaglu_c + 42.0 trnagly_c + 16.0 trnahis_c + 18.0 trnaile_c + 39.0 trnaleu_c + 11.0 trnalys_c + 12.0 trnamet_c + 14.0 trnaphe_c + 32.0 trnapro_c + 45.0 trnaser_c + 46.0 trnathr_c + 7.0 trnatrp_c + 5.0 trnatyr_c + 29.0 trnaval_c
SERD_L,ser_L_c --> nh4_c + pyr_c
EX_so4_e_,so4_e <=> so4_b
PROT_pe_RSp0030_S,RSp0030_p + 272.0 atp_c + 272.0 h2o_c --> RSp0030_e + 272.0 adp_c + 272.0 h_c + 272.0 pi_c
NITORTpp,2.0 focytc_c + 2.0 h_p + n2o_p --> 2.0 ficytc_c + h2o_p + n2_p
O2Stex,o2s_e <=> o2s_p
ACHBS,2obut_c + h_c + pyr_c --> 2ahbut_c + co2_c
RFURAST,2.0 atp_c + 2.0 phpyr_c --> 2.0 amp_c + 2.0 ppi_c + ralf1_c
CHTNASEe,chtn_e + 2.0 h2o_e --> 3.0 chtbs_e
PA120abcpp,atp_c + h2o_c + pa120_c --> adp_c + h_c + pa120_p + pi_c
CYSLYSL,Lcystin_c + h2o_c --> nh4_c + pyr_c + thcys_c
EX_etha_e_,etha_e <=> etha_b
EX_T3SS_E_RipAY_e_,RipAY_e <=> RipAY_b
EX_T3SS_E_RipS3_e_,RipS3_e <=> RipS3_b
EX_protein_RSp1073_e_,RSp1073_e --> RSp1073_b
AAMYL2,14aglucan_c + 3.0 h2o_c --> 4.0 malttr_c
ANPRT,anth_c + prpp_c --> ppi_c + pran_c
AGM3Pt2pp,anhgm3p_p + h_p --> anhgm3p_c + h_c
PHEMEAS,h2o_c + hemeO_c --> 2.0 h2_c + hemeA__1_c
FALDH2,hmgth_c + nad_c <=> Sfglutth_c + h_c + nadh_c
EX_T3SS_E_RipAN_e_,RipAN_e <=> RipAN_b
G2PP,glyc2p_c + h2o_c --> glyc_c + pi_c
AMPTASEDA,asp_L_ala_L_c + h2o_c --> ala_L_c + asp_L_c
SSALyr,h2o_c + nadp_c + sucsal_c --> 2.0 h_c + nadph_c + succ_c
3OAR120,3oddecACP_c + h_c + nadph_c <=> 3hddecACP_c + nadp_c
AMPTASEDE,asp_L_glu_L_c + h2o_c --> asp_L_c + glu_L_c
FTHFD,10fthf_c + h2o_c --> for_c + h_c + thf_c
FERtex,fer_e <=> fer_p
3OAR121,3ocddec5eACP_c + h_c + nadph_c <=> 3hcddec5eACP_c + nadp_c
AMPTASEDD,asp_L_asp_L_c + h2o_c --> 2.0 asp_L_c
EX_mepyr_e_,mepyr_e <=> mepyr_b
PGSA141,cdpdtdec7eg_c + glyc3p_c --> cmp_c + h_c + pgp141_c
PGSA140,cdpdtdecg_c + glyc3p_c --> cmp_c + h_c + pgp140_c
EX_cbl1_e_,cbl1_e <=> cbl1_b
ACONtpp,acon_C_p + 2.0 h_p --> acon_C_c + 2.0 h_c
MECDPS,2p4c2me_c --> 2mecdp_c + cmp_c
CU2tpp,cu2_p --> cu2_c
CLPNS181pp,2.0 pg181_p <=> clpn181_p + glyc_p
6PDDGLUCA,6pddgluc_c <=> dhap_c + msa_c
ZN2t4pp,h_p + k_p + zn2_c --> h_c + k_c + zn2_b
HXPRT,hxan_c + prpp_c --> imp_c + ppi_c
EX_iad_e_,iad_e <=> iad_b
PGPP161pp,h2o_p + pgp161_p --> pg161_p + pi_p
MCCDNtpp,mccdn_c --> mccdn_p
EX_ochslac_e_,ochslac_e <=> ochslac_b
PROT_PehC_BioS,90.0 alatrna_c + 33.0 argtrna_c + 42.0 asntrna_c + 43.0 asptrna_c + 2260.32 atp_c + 19.0 cystrna_c + 23.0 glntrna_c + 8.0 glutrna_c + 73.0 glytrna_c + 2260.32 h2o_c + 11.0 histrna_c + 33.0 iletrna_c + 32.0 leutrna_c + 13.0 lystrna_c + 11.0 mettrna_c + 19.0 phetrna_c + 46.0 protrna_c + 50.0 sertrna_c + 56.0 thrtrna_c + 8.0 trptrna_c + 26.0 tyrtrna_c + 44.0 valtrna_c --> PehC_c + 2260.32 adp_c + 2260.32 h_c + 2260.32 pi_c + 90.0 trnaala_c + 33.0 trnaarg_c + 85.0 trnaasp_c + 19.0 trnacys_c + 23.0 trnagln_c + 8.0 trnaglu_c + 73.0 trnagly_c + 11.0 trnahis_c + 33.0 trnaile_c + 32.0 trnaleu_c + 13.0 trnalys_c + 11.0 trnamet_c + 19.0 trnaphe_c + 46.0 trnapro_c + 50.0 trnaser_c + 56.0 trnathr_c + 8.0 trnatrp_c + 26.0 trnatyr_c + 44.0 trnaval_c
EDD,6pgc_c --> h2o_c + kdpg_c
THMtex,thm_e <=> thm_p
MTI,tre_c <=> malt_c
EDA,kdpg_c <=> g3p_c + pyr_c
AMPTASECG,cgly_c + h2o_c --> cys_L_c + gly_c
DCAtex,dca_e <=> dca_p
PROT_RSp1539_BioS,428.0 alatrna_c + 73.0 argtrna_c + 205.0 asntrna_c + 113.0 asptrna_c + 9097.788 atp_c + 12.0 cystrna_c + 141.0 glntrna_c + 30.0 glutrna_c + 393.0 glytrna_c + 9097.788 h2o_c + 18.0 histrna_c + 117.0 iletrna_c + 207.0 leutrna_c + 48.0 lystrna_c + 26.0 mettrna_c + 53.0 phetrna_c + 90.0 protrna_c + 227.0 sertrna_c + 279.0 thrtrna_c + 20.0 trptrna_c + 35.0 tyrtrna_c + 222.0 valtrna_c --> RSp1539_c + 9097.788 adp_c + 9097.788 h_c + 9097.788 pi_c + 428.0 trnaala_c + 73.0 trnaarg_c + 318.0 trnaasp_c + 12.0 trnacys_c + 141.0 trnagln_c + 30.0 trnaglu_c + 393.0 trnagly_c + 18.0 trnahis_c + 117.0 trnaile_c + 207.0 trnaleu_c + 48.0 trnalys_c + 26.0 trnamet_c + 53.0 trnaphe_c + 90.0 trnapro_c + 227.0 trnaser_c + 279.0 trnathr_c + 20.0 trnatrp_c + 35.0 trnatyr_c + 222.0 trnaval_c
EX_T3SS_E_RipP1_e_,RipP1_e <=> RipP1_b
OCTAtex,octa_e <=> octa_p
LPSabctpp,Oantigen_core_kdo_lipidA_RS_c + atp_c + h2o_c --> Oantigen_core_kdo_lipidA_RS_p + adp_c + h_c + pi_c
T3SS_E_RipF1_BioS,94.0 alatrna_c + 27.0 argtrna_c + 37.0 asntrna_c + 56.0 asptrna_c + 2446.464 atp_c + 35.0 glntrna_c + 25.0 glutrna_c + 58.0 glytrna_c + 2446.464 h2o_c + 9.0 histrna_c + 28.0 iletrna_c + 67.0 leutrna_c + 54.0 lystrna_c + 20.0 mettrna_c + 21.0 phetrna_c + 55.0 protrna_c + 58.0 sertrna_c + 32.0 thrtrna_c + 3.0 trptrna_c + 16.0 tyrtrna_c + 41.0 valtrna_c --> RipF1_c + 2446.464 adp_c + 2446.464 h_c + 2446.464 pi_c + 94.0 trnaala_c + 27.0 trnaarg_c + 93.0 trnaasp_c + 35.0 trnagln_c + 25.0 trnaglu_c + 58.0 trnagly_c + 9.0 trnahis_c + 28.0 trnaile_c + 67.0 trnaleu_c + 54.0 trnalys_c + 20.0 trnamet_c + 21.0 trnaphe_c + 55.0 trnapro_c + 58.0 trnaser_c + 32.0 trnathr_c + 3.0 trnatrp_c + 16.0 trnatyr_c + 41.0 trnaval_c
ISC4fe4s3d,4fe4s3_c --> 3fe4s_c + fe2_c
ODECOAI,odecoa_c <=> od2coa_c
EX_protein_RSc2149_e_,RSc2149_e --> RSc2149_b
T6SS_E_RSp0745_S,RSp0745_c + 167.0 atp_c + 167.0 h2o_c --> RSp0745_e + 167.0 adp_c + 167.0 h_c + 167.0 pi_c
PAPR,paps_c + trdrd_c --> 2.0 h_c + pap_c + so3_c + trdox_c
MALtex,mal_L_e <=> mal_L_p
3OAR100,3odecACP_c + h_c + nadph_c <=> 3hdecACP_c + nadp_c
PGSA120,cdpdddecg_c + glyc3p_c --> cmp_c + h_c + pgp120_c
QUINtex,quin_kt_e <=> quin_kt_p
T3SS_E_RipBB_S,RipBB_c + 170.0 atp_c + 170.0 h2o_c --> RipBB_e + 170.0 adp_c + 170.0 h_c + 170.0 pi_c
EX_etle_e_,etle_e <=> etle_b
FE2abcpp,atp_c + fe2_p + h2o_c --> adp_c + fe2_c + h_c + pi_c
MSO3tex,mso3_e <=> mso3_p
AMPTASEDQ,asp_L_gln_L_c + h2o_c --> asp_L_c + gln_L_c
OCTDPS,frdp_c + 5.0 ipdp_c --> octdp_c + 5.0 ppi_c
EX_T3SS_E_RipC1_e_,RipC1_e <=> RipC1_b
OCDCAtex,ocdca_e <=> ocdca_p
ASAD,aspsa_c + nadp_c + pi_c <=> 4pasp_c + h_c + nadph_c
EX_ralf_e_,ralf_e <=> ralf_b
EX_23ccmp_e_,23ccmp_e <=> 23ccmp_b
MDDCP1pp,h2o_p + murein5px4p_p --> ala_D_p + murein4px4p_p
EX_ile_L_e_,ile_L_e <=> ile_L_b
AMPTASEDV,asp_L_val_L_c + h2o_c --> asp_L_c + val_L_c
EX_no2r_e_,no2r_e <=> no2r_b
G3PIabcpp,atp_c + g3pi_p + h2o_c --> adp_c + g3pi_c + h_c + pi_c
AAMYL3,14aglucan_c + 5.0 h2o_c --> 6.0 malt_c
PA140abcpp,atp_c + h2o_c + pa140_c --> adp_c + h_c + pa140_p + pi_c
GF6PTAr,f6p_c + gln_L_c --> gam6p_c + glu_L_c
CHOLD,chol_c + nad_c --> betald_c + h_c + nadh_c
EFE,3.0 akg_c + arg_L_c + 3.0 h_c + 3.0 o2_c --> 1pyr5c_c + 7.0 co2_c + 2.0 etle_c + gnid_c + 3.0 h2o_c + succ_c
OHPHM,2ohph_c + amet_c --> 2omph_c + ahcys_c + h_c
T3SS_E_RipY_S,RipY_c + 929.0 atp_c + 929.0 h2o_c --> RipY_e + 929.0 adp_c + 929.0 h_c + 929.0 pi_c
PCW_bd_RSp0540,PCW_e + RSp0540_e --> PCW_RSp0540_LPS_e
T3SS_E_RipE1_BioS,61.0 alatrna_c + 44.0 argtrna_c + 7.0 asntrna_c + 26.0 asptrna_c + 1412.7 atp_c + 3.0 cystrna_c + 12.0 glntrna_c + 29.0 glutrna_c + 31.0 glytrna_c + 1412.7 h2o_c + 17.0 histrna_c + 17.0 iletrna_c + 27.0 leutrna_c + 12.0 lystrna_c + 14.0 mettrna_c + 9.0 phetrna_c + 36.0 protrna_c + 21.0 sertrna_c + 23.0 thrtrna_c + 5.0 trptrna_c + 7.0 tyrtrna_c + 24.0 valtrna_c --> RipE1_c + 1412.7 adp_c + 1412.7 h_c + 1412.7 pi_c + 61.0 trnaala_c + 44.0 trnaarg_c + 33.0 trnaasp_c + 3.0 trnacys_c + 12.0 trnagln_c + 29.0 trnaglu_c + 31.0 trnagly_c + 17.0 trnahis_c + 17.0 trnaile_c + 27.0 trnaleu_c + 12.0 trnalys_c + 14.0 trnamet_c + 9.0 trnaphe_c + 36.0 trnapro_c + 21.0 trnaser_c + 23.0 trnathr_c + 5.0 trnatrp_c + 7.0 trnatyr_c + 24.0 trnaval_c
EX_protein_RSp0630_e_,RSp0630_e --> RSp0630_b
ASO3tex,aso3_e <=> aso3_p
EX_protein_RSc0102_act_e_,RSc0102_act_e --> RSc0102_act_b
ASPALAabcpp,asp_L_ala_L_p + atp_c + h2o_c --> adp_c + asp_L_ala_L_c + h_c + pi_c
T3SS_E_RipAB_BioS,14.0 alatrna_c + 8.0 argtrna_c + 8.0 asntrna_c + 17.0 asptrna_c + 578.376 atp_c + 11.0 glntrna_c + 6.0 glutrna_c + 21.0 glytrna_c + 578.376 h2o_c + 3.0 histrna_c + 5.0 iletrna_c + 7.0 leutrna_c + 17.0 lystrna_c + 5.0 mettrna_c + phetrna_c + 10.0 protrna_c + 24.0 sertrna_c + 13.0 thrtrna_c + trptrna_c + 3.0 valtrna_c --> RipAB_c + 578.376 adp_c + 578.376 h_c + 578.376 pi_c + 14.0 trnaala_c + 8.0 trnaarg_c + 25.0 trnaasp_c + 11.0 trnagln_c + 6.0 trnaglu_c + 21.0 trnagly_c + 3.0 trnahis_c + 5.0 trnaile_c + 7.0 trnaleu_c + 17.0 trnalys_c + 5.0 trnamet_c + trnaphe_c + 10.0 trnapro_c + 24.0 trnaser_c + 13.0 trnathr_c + trnatrp_c + 3.0 trnaval_c
RNTR2,gtp_c + trdrd_c --> dgtp_c + h2o_c + trdox_c
RZ5PP,5prdmbz_c + h2o_c --> pi_c + rdmbzi_c
RNTR1,atp_c + trdrd_c --> datp_c + h2o_c + trdox_c
EX_adn_e_,adn_e <=> adn_b
BLACT_ext,h2o_e + pencil_e <=> h_e + pencilca_e
R05219,amet_c + h2o_c + pre5_c --> ac_c + ahcys_c + h_c + pre6a_c
PROT_pe_Mel_S,Mel_p + 412.0 atp_c + 412.0 h2o_c --> Mel_e + 412.0 adp_c + 412.0 h_c + 412.0 pi_c
APG3PAT161,glyc3p_c + hdceap_c --> 1hdec9eg3p_c + h_c + pi_c
AMID3,h2o_c + iad_c --> ind3ac_c + nh4_c
APG3PAT160,glyc3p_c + hdcap_c --> 1hdecg3p_c + h_c + pi_c
4OI,2hmc_c <=> 2oh3ed_c
RNTR4,trdrd_c + utp_c --> dutp_c + h2o_c + trdox_c
ACPPAT120,ddcaACP_c + h_c + pi_c <=> ACP_c + ddcap_c
RNTR3,ctp_c + trdrd_c --> dctp_c + h2o_c + trdox_c
ILETRS,atp_c + ile_L_c + trnaile_c --> amp_c + iletrna_c + ppi_c
PGSA180,cdpdodecg_c + glyc3p_c --> cmp_c + h_c + pgp180_c
CPPPGO,cpppg3_c + 2.0 h_c + o2_c --> 2.0 co2_c + 2.0 h2o_c + pppg9_c
ALATA_L2,ala_L_c + pydx5p_c --> pyam5p_c + pyr_c
T3SS_E_RipAX2_BioS,28.0 alatrna_c + 18.0 argtrna_c + 9.0 asntrna_c + 10.0 asptrna_c + 724.632 atp_c + cystrna_c + 9.0 glntrna_c + 17.0 glutrna_c + 17.0 glytrna_c + 724.632 h2o_c + 5.0 histrna_c + 12.0 iletrna_c + 14.0 leutrna_c + 13.0 lystrna_c + 2.0 mettrna_c + 4.0 phetrna_c + 10.0 protrna_c + 21.0 sertrna_c + 11.0 thrtrna_c + 2.0 trptrna_c + 8.0 tyrtrna_c + 7.0 valtrna_c --> RipAX2_c + 724.632 adp_c + 724.632 h_c + 724.632 pi_c + 28.0 trnaala_c + 18.0 trnaarg_c + 19.0 trnaasp_c + trnacys_c + 9.0 trnagln_c + 17.0 trnaglu_c + 17.0 trnagly_c + 5.0 trnahis_c + 12.0 trnaile_c + 14.0 trnaleu_c + 13.0 trnalys_c + 2.0 trnamet_c + 4.0 trnaphe_c + 10.0 trnapro_c + 21.0 trnaser_c + 11.0 trnathr_c + 2.0 trnatrp_c + 8.0 trnatyr_c + 7.0 trnaval_c
LEUTA,4mop_c + glu_L_c <=> akg_c + leu_L_c
ALAALAr,2.0 ala_D_c + atp_c <=> adp_c + alaala_c + h_c + pi_c
DHORD2,dhor_S_c + q8_c --> orot_c + q8h2_c
CTBTabcpp,atp_c + ctbt_p + h2o_c --> adp_c + ctbt_c + h_c + pi_c
QUINtpp,h_p + quin_kt_p <=> h_c + quin_kt_c
DAGK120,12dgr120_c + atp_c --> adp_c + h_c + pa120_c
PROT_RSc0958_BioS,102.0 alatrna_c + 72.0 argtrna_c + 31.0 asntrna_c + 53.0 asptrna_c + 3014.868 atp_c + 3.0 cystrna_c + 52.0 glntrna_c + 49.0 glutrna_c + 96.0 glytrna_c + 3014.868 h2o_c + 37.0 histrna_c + 34.0 iletrna_c + 76.0 leutrna_c + 21.0 lystrna_c + 15.0 mettrna_c + 31.0 phetrna_c + 42.0 protrna_c + 62.0 sertrna_c + 41.0 thrtrna_c + 17.0 trptrna_c + 16.0 tyrtrna_c + 57.0 valtrna_c --> RSc0958_c + 3014.868 adp_c + 3014.868 h_c + 3014.868 pi_c + 102.0 trnaala_c + 72.0 trnaarg_c + 84.0 trnaasp_c + 3.0 trnacys_c + 52.0 trnagln_c + 49.0 trnaglu_c + 96.0 trnagly_c + 37.0 trnahis_c + 34.0 trnaile_c + 76.0 trnaleu_c + 21.0 trnalys_c + 15.0 trnamet_c + 31.0 trnaphe_c + 42.0 trnapro_c + 62.0 trnaser_c + 41.0 trnathr_c + 17.0 trnatrp_c + 16.0 trnatyr_c + 57.0 trnaval_c
MOBDtex,mobd_e <=> mobd_p
EX_ohr_e_,ohr_e <=> ohr_b
GLCNt2rpp,glcn_p + h_p --> glcn_c + h_c
GALURtex,galur_e <=> galur_p
PROT_pe_RSc2149_S,RSc2149_p + 343.0 atp_c + 343.0 h2o_c --> RSc2149_e + 343.0 adp_c + 343.0 h_c + 343.0 pi_c
PGSA181,cdpdodec11eg_c + glyc3p_c --> cmp_c + h_c + pgp181_c
EAR80x,h_c + nadh_c + toct2eACP_c --> nad_c + ocACP_c
EX_id3acald_e_,id3acald_e <=> id3acald_b
AHC,ahcys_c + h2o_c --> adn_c + hcys_L_c
HATRAZE2,2c4h6at_c + h2o_c --> ammld_c + cl_c + 2.0 h_c
PA160abcpp,atp_c + h2o_c + pa160_c --> adp_c + h_c + pa160_p + pi_c
DAGK140,12dgr140_c + atp_c --> adp_c + h_c + pa140_c
HATRAZE1,h2o_c + h_c + hatrz_c --> ethlam_c + isoppam_c
EX_T3SS_E_RipAR_e_,RipAR_e <=> RipAR_b
GALURDH,galur_c + h2o_c + nad_c --> galct_D_c + 2.0 h_c + nadh_c
PROT_Egl_BioS,57.0 alatrna_c + 16.0 argtrna_c + 29.0 asntrna_c + 16.0 asptrna_c + 1396.08 atp_c + 5.0 cystrna_c + 14.0 glntrna_c + 10.0 glutrna_c + 47.0 glytrna_c + 1396.08 h2o_c + 3.0 histrna_c + 9.0 iletrna_c + 31.0 leutrna_c + 12.0 lystrna_c + 11.0 mettrna_c + 15.0 phetrna_c + 18.0 protrna_c + 33.0 sertrna_c + 34.0 thrtrna_c + 16.0 trptrna_c + 16.0 tyrtrna_c + 28.0 valtrna_c --> Egl_c + 1396.08 adp_c + 1396.08 h_c + 1396.08 pi_c + 57.0 trnaala_c + 16.0 trnaarg_c + 45.0 trnaasp_c + 5.0 trnacys_c + 14.0 trnagln_c + 10.0 trnaglu_c + 47.0 trnagly_c + 3.0 trnahis_c + 9.0 trnaile_c + 31.0 trnaleu_c + 12.0 trnalys_c + 11.0 trnamet_c + 15.0 trnaphe_c + 18.0 trnapro_c + 33.0 trnaser_c + 34.0 trnathr_c + 16.0 trnatrp_c + 16.0 trnatyr_c + 28.0 trnaval_c
PROT_cp_Expansin_S,Expansin_c + 256.0 atp_c + 256.0 h2o_c --> Expansin_p + 256.0 adp_c + 256.0 h_c + 256.0 pi_c
T3SS_E_RipAP_S,RipAP_c + 299.0 atp_c + 299.0 h2o_c --> RipAP_e + 299.0 adp_c + 299.0 h_c + 299.0 pi_c
T3SS_E_RipG7_BioS,80.0 alatrna_c + 41.0 argtrna_c + 32.0 asntrna_c + 33.0 asptrna_c + 2150.628 atp_c + 9.0 cystrna_c + 27.0 glntrna_c + 35.0 glutrna_c + 50.0 glytrna_c + 2150.628 h2o_c + 12.0 histrna_c + 20.0 iletrna_c + 82.0 leutrna_c + 19.0 lystrna_c + 13.0 mettrna_c + 11.0 phetrna_c + 45.0 protrna_c + 63.0 sertrna_c + 36.0 thrtrna_c + 2.0 trptrna_c + 8.0 tyrtrna_c + 29.0 valtrna_c --> RipG7_c + 2150.628 adp_c + 2150.628 h_c + 2150.628 pi_c + 80.0 trnaala_c + 41.0 trnaarg_c + 65.0 trnaasp_c + 9.0 trnacys_c + 27.0 trnagln_c + 35.0 trnaglu_c + 50.0 trnagly_c + 12.0 trnahis_c + 20.0 trnaile_c + 82.0 trnaleu_c + 19.0 trnalys_c + 13.0 trnamet_c + 11.0 trnaphe_c + 45.0 trnapro_c + 63.0 trnaser_c + 36.0 trnathr_c + 2.0 trnatrp_c + 8.0 trnatyr_c + 29.0 trnaval_c
ALDD20x,h2o_c + id3acald_c + nad_c --> 2.0 h_c + ind3ac_c + nadh_c
ALAALAD,alaala_c + h2o_c --> 2.0 ala_D_c
LPLIPAL1E140pp,1agpe140_p + h2o_p --> g3pe_p + h_p + ttdca_p
AMPTASEAQ,ala_L_gln_L_c + h2o_c --> ala_L_c + gln_L_c
ACPPAT140,h_c + myrsACP_c + pi_c <=> ACP_c + ttdcap_c
LAAO2ex,h2o_e + met_L_e + o2_e <=> 2kmb_e + h2o2_e + nh4_e
APG3PAT141,glyc3p_c + tdceap_c --> 1tdec7eg3p_c + h_c + pi_c
ACPPAT141,h_c + pi_c + tdeACP_c <=> ACP_c + tdceap_c
APG3PAT140,glyc3p_c + ttdcap_c --> 1tdecg3p_c + h_c + pi_c
TUNGStex,tungs_e <=> tungs_p
NTPTP2,gtp_c + h2o_c --> gsn_c + pppi_c
NTPTP1,dgtp_c + h2o_c --> dgsn_c + pppi_c
FERtpp,fer_p <=> fer_c
DAGK141,12dgr141_c + atp_c --> adp_c + h_c + pa141_c
EX_pi_e_,pi_e <=> pi_b
EX_protein_Egl_e_,Egl_e --> Egl_b
PGSA160,cdpdhdecg_c + glyc3p_c --> cmp_c + h_c + pgp160_c
AIRC3,5aizc_c <=> 5caiz_c
CLtex,cl_e <=> cl_p
PGSA161,cdpdhdec9eg_c + glyc3p_c --> cmp_c + h_c + pgp161_c
GLUCD3,etfox_c + glutcoa_c --> etfrd_c + gl1coa_c
3OHPAMEStpp,3ohpame_c <=> 3ohpame_p
SERt2rpp,h_p + ser_L_p <=> h_c + ser_L_c
DAGK160,12dgr160_c + atp_c --> adp_c + h_c + pa160_c
DAGK161,12dgr161_c + atp_c --> adp_c + h_c + pa161_c
EX_PCW_RSc0249_act_e_,PCW_RSc0249_act_e --> PCW_RSc0249_act_b
EX_T3SS_E_RipR_e_,RipR_e <=> RipR_b
ACPS1,apoACP_c + coa_c --> ACP_c + h_c + pap_c
T3SS_E_RipAS_BioS,159.0 alatrna_c + 86.0 argtrna_c + 16.0 asntrna_c + 42.0 asptrna_c + 2918.472 atp_c + 3.0 cystrna_c + 40.0 glntrna_c + 50.0 glutrna_c + 57.0 glytrna_c + 2918.472 h2o_c + 24.0 histrna_c + 20.0 iletrna_c + 120.0 leutrna_c + 8.0 lystrna_c + 24.0 mettrna_c + 19.0 phetrna_c + 68.0 protrna_c + 51.0 sertrna_c + 36.0 thrtrna_c + 9.0 trptrna_c + 8.0 tyrtrna_c + 38.0 valtrna_c --> RipAS_c + 2918.472 adp_c + 2918.472 h_c + 2918.472 pi_c + 159.0 trnaala_c + 86.0 trnaarg_c + 58.0 trnaasp_c + 3.0 trnacys_c + 40.0 trnagln_c + 50.0 trnaglu_c + 57.0 trnagly_c + 24.0 trnahis_c + 20.0 trnaile_c + 120.0 trnaleu_c + 8.0 trnalys_c + 24.0 trnamet_c + 19.0 trnaphe_c + 68.0 trnapro_c + 51.0 trnaser_c + 36.0 trnathr_c + 9.0 trnatrp_c + 8.0 trnatyr_c + 38.0 trnaval_c
EX_T3SS_E_RipTPS_e_,RipTPS_e <=> RipTPS_b
ARGSL,argsuc_c <=> arg_L_c + fum_c
EX_hdcea_e_,hdcea_e <=> hdcea_b
AMPTASEAD,ala_L_asp_L_c + h2o_c --> ala_L_c + asp_L_c
2OBUTtex,2obut_e <=> 2obut_p
AMPTASEAE,ala_L_glu_L_c + h2o_c --> ala_L_c + glu_L_c
DURIPP,duri_c + pi_c <=> 2dr1p_c + ura_c
T3SS_E_RipT_BioS,48.0 alatrna_c + 23.0 argtrna_c + 7.0 asntrna_c + 13.0 asptrna_c + 1067.004 atp_c + 2.0 cystrna_c + 19.0 glntrna_c + 12.0 glutrna_c + 27.0 glytrna_c + 1067.004 h2o_c + 14.0 histrna_c + 9.0 iletrna_c + 28.0 leutrna_c + 10.0 lystrna_c + 7.0 mettrna_c + 15.0 phetrna_c + 17.0 protrna_c + 31.0 sertrna_c + 14.0 thrtrna_c + 2.0 trptrna_c + 7.0 tyrtrna_c + 16.0 valtrna_c --> RipT_c + 1067.004 adp_c + 1067.004 h_c + 1067.004 pi_c + 48.0 trnaala_c + 23.0 trnaarg_c + 20.0 trnaasp_c + 2.0 trnacys_c + 19.0 trnagln_c + 12.0 trnaglu_c + 27.0 trnagly_c + 14.0 trnahis_c + 9.0 trnaile_c + 28.0 trnaleu_c + 10.0 trnalys_c + 7.0 trnamet_c + 15.0 trnaphe_c + 17.0 trnapro_c + 31.0 trnaser_c + 14.0 trnathr_c + 2.0 trnatrp_c + 7.0 trnatyr_c + 16.0 trnaval_c
EX_co2_e_,co2_e <=> co2_b
PSGlcNacbioS,10.0 uacgam_c --> PS_GlcNAc_c + 10.0 h_c + 10.0 udp_c
SBTD_Dr,nad_c + sbt_D_c --> fru_c + h_c + nadh_c
GMHEPAT,atp_c + gmhep1p_c + h_c --> adphep_DD_c + ppi_c
HBDH,h2o_c + r3rhbb_c --> 2.0 bhb_c + h_c
QUINDH,nad_c + quin_kt_c <=> 3dhq_c + h_c + nadh_c
HSDy,hom_L_c + nadp_c <=> aspsa_c + h_c + nadph_c
T3SS_E_RipL_S,RipL_c + 1403.0 atp_c + 1403.0 h2o_c --> RipL_e + 1403.0 adp_c + 1403.0 h_c + 1403.0 pi_c
ACPPAT161,h_c + hdeACP_c + pi_c <=> ACP_c + hdceap_c
4HBZCT,4hbzcoa_c + h2o_c --> 4hbz_c + coa_c + h_c
ARGSSr,asp_L_c + atp_c + citr_L_c --> amp_c + argsuc_c + h_c + ppi_c
ACPPAT160,h_c + palmACP_c + pi_c <=> ACP_c + hdcap_c
PROT_RSc0104_BioS,108.0 alatrna_c + 37.0 argtrna_c + 54.0 asntrna_c + 89.0 asptrna_c + 3191.04 atp_c + 49.0 glntrna_c + 26.0 glutrna_c + 112.0 glytrna_c + 3191.04 h2o_c + 12.0 histrna_c + 48.0 iletrna_c + 85.0 leutrna_c + 29.0 lystrna_c + 18.0 mettrna_c + 38.0 phetrna_c + 22.0 protrna_c + 69.0 sertrna_c + 71.0 thrtrna_c + 17.0 trptrna_c + 21.0 tyrtrna_c + 55.0 valtrna_c --> RSc0104_c + 3191.04 adp_c + 3191.04 h_c + 3191.04 pi_c + 108.0 trnaala_c + 37.0 trnaarg_c + 143.0 trnaasp_c + 49.0 trnagln_c + 26.0 trnaglu_c + 112.0 trnagly_c + 12.0 trnahis_c + 48.0 trnaile_c + 85.0 trnaleu_c + 29.0 trnalys_c + 18.0 trnamet_c + 38.0 trnaphe_c + 22.0 trnapro_c + 69.0 trnaser_c + 71.0 trnathr_c + 17.0 trnatrp_c + 21.0 trnatyr_c + 55.0 trnaval_c
TDSR1,dsbcox_p + dsbdrd_c <=> dsbcrd_p + dsbdox_c
PROT_pe_Rsl2_S,Rsl2_p + 114.0 atp_c + 114.0 h2o_c --> Rsl2_e + 114.0 adp_c + 114.0 h_c + 114.0 pi_c
GALTtex,galt_e <=> galt_p
EX_glcn_e_,glcn_e <=> glcn_b
FUSAtex,fusa_e <=> fusa_p
METtex,met_L_e <=> met_L_p
LEUTRS,atp_c + leu_L_c + trnaleu_c --> amp_c + leutrna_c + ppi_c
GLCFRUOXRpp,fru_p + glc_D_p --> g15l_p + sbt_D_p
EX_3OHPAMES_e_,3ohpame_e <=> 3ohpame_b
T3SS_E_RipA1_BioS,171.0 alatrna_c + 107.0 argtrna_c + 25.0 asntrna_c + 59.0 asptrna_c + 3533.412 atp_c + 7.0 cystrna_c + 42.0 glntrna_c + 35.0 glutrna_c + 90.0 glytrna_c + 3533.412 h2o_c + 28.0 histrna_c + 32.0 iletrna_c + 99.0 leutrna_c + 28.0 lystrna_c + 19.0 mettrna_c + 29.0 phetrna_c + 68.0 protrna_c + 69.0 sertrna_c + 77.0 thrtrna_c + 16.0 trptrna_c + 10.0 tyrtrna_c + 52.0 valtrna_c --> RipA1_c + 3533.412 adp_c + 3533.412 h_c + 3533.412 pi_c + 171.0 trnaala_c + 107.0 trnaarg_c + 84.0 trnaasp_c + 7.0 trnacys_c + 42.0 trnagln_c + 35.0 trnaglu_c + 90.0 trnagly_c + 28.0 trnahis_c + 32.0 trnaile_c + 99.0 trnaleu_c + 28.0 trnalys_c + 19.0 trnamet_c + 29.0 trnaphe_c + 68.0 trnapro_c + 69.0 trnaser_c + 77.0 trnathr_c + 16.0 trnatrp_c + 10.0 trnatyr_c + 52.0 trnaval_c
DDGALK,2dh3dgal_c + atp_c --> 2dh3dgal6p_c + adp_c + h_c
2AGPG180tipp,2agpg180_p --> 2agpg180_c
EX_tartr_L_e_,tartr_L_e <=> tartr_L_b
T3SS_E_RipG4_BioS,92.0 alatrna_c + 33.0 argtrna_c + 24.0 asntrna_c + 23.0 asptrna_c + 1535.688 atp_c + 6.0 cystrna_c + 8.0 glntrna_c + 15.0 glutrna_c + 48.0 glytrna_c + 1535.688 h2o_c + 4.0 histrna_c + 21.0 iletrna_c + 61.0 leutrna_c + 9.0 lystrna_c + 4.0 mettrna_c + 4.0 phetrna_c + 23.0 protrna_c + 32.0 sertrna_c + 29.0 thrtrna_c + 5.0 trptrna_c + 3.0 tyrtrna_c + 18.0 valtrna_c --> RipG4_c + 1535.688 adp_c + 1535.688 h_c + 1535.688 pi_c + 92.0 trnaala_c + 33.0 trnaarg_c + 47.0 trnaasp_c + 6.0 trnacys_c + 8.0 trnagln_c + 15.0 trnaglu_c + 48.0 trnagly_c + 4.0 trnahis_c + 21.0 trnaile_c + 61.0 trnaleu_c + 9.0 trnalys_c + 4.0 trnamet_c + 4.0 trnaphe_c + 23.0 trnapro_c + 32.0 trnaser_c + 29.0 trnathr_c + 5.0 trnatrp_c + 3.0 trnatyr_c + 18.0 trnaval_c
EX_sucr_e_,sucr_e <=> sucr_b
ACS,ac_c + atp_c + coa_c --> accoa_c + amp_c + ppi_c
DHDPS,aspsa_c + pyr_c --> 23dhdp_c + 2.0 h2o_c + h_c
GALCTtex,galct_D_e <=> galct_D_p
EX_ttdcea_e_,ttdcea_e <=> ttdcea_b
4PEPTabcpp,LalaDgluMdapDala_p + atp_c + h2o_c --> LalaDgluMdapDala_c + adp_c + h_c + pi_c
HMPK1,4ahmmp_c + atp_c --> 4ampm_c + adp_c + h_c
23CAMPtex,23camp_e <=> 23camp_p
EX_mn2_e_,mn2_e <=> mn2_b
D4DGCD,5dh4dglc_c + h_c --> 25dop_c + co2_c + h2o_c
EX_T6SS_E_RSc3220_e_,RSc3220_e --> RSc3220_b
EX_dhap_e_,dhap_e <=> dhap_b
ADA,adn_c + h2o_c + h_c --> ins_c + nh4_c
GLYt2rpp,gly_p + h_p <=> gly_c + h_c
GLYCLTt4pp,glyclt_p + na1_p --> glyclt_c + na1_c
ARBTNLtpp,arbtnl_c + h_p --> arbtnl_p + h_c
N6DMAAH,h2o_c + n6dmalade_c --> 2.0 h_c + tzea_c
ACPPAT180,h_c + ocdcaACP_c + pi_c <=> ACP_c + ocdcap_c
PROT_pe_PehC_S,PehC_p + 680.0 atp_c + 680.0 h2o_c --> PehC_e + 680.0 adp_c + 680.0 h_c + 680.0 pi_c
EXOGLAS,14bglucan_e + 5.0 h2o_e --> 6.0 cellb_e
MTHFC_glu,h2o_c + methfglu_c <=> 10fthfglu_c + h_c
ACPPAT181,h_c + octeACP_c + pi_c <=> ACP_c + ocdceap_c
GTHP,2.0 gthrd_c + h2o2_c --> gthox_c + 2.0 h2o_c
EX_protein_RSp0881_e_,RSp0881_e --> RSp0881_b
GTHS,atp_c + glucys_c + gly_c --> adp_c + gthrd_c + h_c + pi_c
MCCDNR,2.0 fe3mccdn_c + nadph_c --> 2.0 fe2_c + h_c + 2.0 mccdn_c + nadp_c
FCOAHA,ferulcoa_c + h2o_c --> accoa_c + vanln_c
3OAR180,3ooctdACP_c + h_c + nadph_c <=> 3hoctaACP_c + nadp_c
EX_chtbs_e_,chtbs_e <=> chtbs_b
COBRACDAS,2.0 atp_c + 2.0 gln_L_c + 2.0 h2o_c + hgbyr_c --> 2.0 adp_c + 2.0 glu_L_c + 2.0 h_c + hgbam_c + 2.0 pi_c
3OAR181,3ocvac11eACP_c + h_c + nadph_c <=> 3hcvac11eACP_c + nadp_c
APG3PAT181,glyc3p_c + ocdceap_c --> 1odec11eg3p_c + h_c + pi_c
APG3PAT180,glyc3p_c + ocdcap_c --> 1odecg3p_c + h_c + pi_c
E4PD,e4p_c + h2o_c + nad_c <=> 4per_c + 2.0 h_c + nadh_c
CHLabcpp,atp_c + chol_p + h2o_c --> adp_c + chol_c + h_c + pi_c
EX_T3SS_E_RipA1_e_,RipA1_e <=> RipA1_b
ACONtex,acon_C_e <=> acon_C_p
EX_Ss_e_,Ss_e <=> Ss_b
T3SS_E_RipBB_BioS,27.0 alatrna_c + 17.0 argtrna_c + 5.0 asntrna_c + 7.0 asptrna_c + 565.08 atp_c + 5.0 glntrna_c + 8.0 glutrna_c + 15.0 glytrna_c + 565.08 h2o_c + 5.0 histrna_c + 10.0 iletrna_c + 16.0 leutrna_c + 4.0 lystrna_c + 4.0 mettrna_c + 4.0 phetrna_c + 19.0 protrna_c + 10.0 sertrna_c + 7.0 thrtrna_c + 2.0 trptrna_c + tyrtrna_c + 4.0 valtrna_c --> RipBB_c + 565.08 adp_c + 565.08 h_c + 565.08 pi_c + 27.0 trnaala_c + 17.0 trnaarg_c + 12.0 trnaasp_c + 5.0 trnagln_c + 8.0 trnaglu_c + 15.0 trnagly_c + 5.0 trnahis_c + 10.0 trnaile_c + 16.0 trnaleu_c + 4.0 trnalys_c + 4.0 trnamet_c + 4.0 trnaphe_c + 19.0 trnapro_c + 10.0 trnaser_c + 7.0 trnathr_c + 2.0 trnatrp_c + trnatyr_c + 4.0 trnaval_c
FDMO,fmnh2_c + isetac_c + o2_c --> fmn_c + gcald_c + h2o_c + h_c + so3_c
GLUTRSasp,atp_c + glu_L_c + trnaasp_c --> amp_c + glutrna_asp_c + ppi_c
Htex,h_e <=> h_p
AKGDH,akg_c + coa_c + nad_c --> co2_c + nadh_c + succoa_c
EX_T3SS_E_RipAG_e_,RipAG_e <=> RipAG_b
PROT_pe_RSp1071_S,RSp1071_p + 848.0 atp_c + 848.0 h2o_c --> RSp1071_e + 848.0 adp_c + 848.0 h_c + 848.0 pi_c
HPYRI,hpyr_c <=> 2h3oppan_c
BZDH,bzal_c + h2o_c + nad_c --> bz_c + 2.0 h_c + nadh_c
PROT_cp_Egl_S,Egl_c + 420.0 atp_c + 420.0 h2o_c --> Egl_p + 420.0 adp_c + 420.0 h_c + 420.0 pi_c
EX_aso3_e_,aso3_e <=> aso3_b
EX_n2_e_,n2_e <=> n2_b
LPLIPAL1A160pp,1hdecg3p_p + h2o_p --> glyc3p_p + h_p + hdca_p
IZPN,4izp_c + h2o_c --> forglu_c + h_c
ENO,2pg_c <=> h2o_c + pep_c
CO2tex,co2_e <=> co2_p
PERD,4per_c + nad_c <=> h_c + nadh_c + ohpb_c
EX_T3SS_E_RipAU_e_,RipAU_e <=> RipAU_b
HACDHG,cla_c + h2o_c --> cl_c + glyclt_c + h_c
TRPO2,o2_c + trp_L_c --> Lfmkynr_c
2AGPG140tipp,2agpg140_p --> 2agpg140_c
PG180abcpp,atp_c + h2o_c + pg180_c --> adp_c + h_c + pg180_p + pi_c
3HPPPNH,3hpppn_c + h_c + nadh_c + o2_c --> dhpppn_c + h2o_c + nad_c
PPK10r,7.0 atp_c + pppi_c <=> 7.0 adp_c + polypi_c
LEUtex,leu_L_e <=> leu_L_p
EX_T3SS_E_RipAJ_e_,RipAJ_e <=> RipAJ_b
BLACT_ampi_ext,ampi_e + h2o_e <=> ampica_e + h_e
NDPK10,atp_c + didp_c --> adp_c + ditp_c
EX_3hoxid_e_,3hoxid_e <=> 3hoxid_b
GUAD,gua_c + h2o_c + h_c --> nh4_c + xan_c
PRAMPC,h2o_c + prbamp_c --> prfp_c
AM3PA,anhm3p_c + h2o_c --> LalaDgluMdap_c + anhm_c
EX_12dgr180_e_,12dgr180_e <=> 12dgr180_b
ABUTD,4abutn_c + h2o_c + nad_c --> 4abut_c + 2.0 h_c + nadh_c
HCINNMtex,3hcinnm_e <=> 3hcinnm_p
VALtex,val_L_e <=> val_L_p
EX_T3SS_E_RipBA_e_,RipBA_e <=> RipBA_b
T3SS_E_RipAA_BioS,15.0 alatrna_c + 27.0 argtrna_c + 6.0 asntrna_c + 19.0 asptrna_c + 764.52 atp_c + cystrna_c + 9.0 glntrna_c + 12.0 glutrna_c + 23.0 glytrna_c + 764.52 h2o_c + 11.0 histrna_c + 7.0 iletrna_c + 6.0 leutrna_c + 4.0 mettrna_c + 8.0 phetrna_c + 16.0 protrna_c + 30.0 sertrna_c + 10.0 thrtrna_c + 3.0 trptrna_c + 11.0 tyrtrna_c + 12.0 valtrna_c --> RipAA_c + 764.52 adp_c + 764.52 h_c + 764.52 pi_c + 15.0 trnaala_c + 27.0 trnaarg_c + 25.0 trnaasp_c + trnacys_c + 9.0 trnagln_c + 12.0 trnaglu_c + 23.0 trnagly_c + 11.0 trnahis_c + 7.0 trnaile_c + 6.0 trnaleu_c + 4.0 trnamet_c + 8.0 trnaphe_c + 16.0 trnapro_c + 30.0 trnaser_c + 10.0 trnathr_c + 3.0 trnatrp_c + 11.0 trnatyr_c + 12.0 trnaval_c
CU2tex,cu2_e <=> cu2_p
ALATA_D,akg_c + ala_D_c <=> glu_D_c + pyr_c
T3SS_E_RipS5_S,RipS5_c + 2338.0 atp_c + 2338.0 h2o_c --> RipS5_e + 2338.0 adp_c + 2338.0 h_c + 2338.0 pi_c
GLYC3Ptex,glyc3p_e <=> glyc3p_p
TARTRtex,tartr_L_e <=> tartr_L_p
2AGPA160tipp,2hdecg3p_p --> 2hdecg3p_c
DXPS,g3p_c + h_c + pyr_c --> co2_c + dxyl5p_c
DMPO_LACCASE,4.0 dmoxpol_c + o2_c --> 2.0 h2o_c + 4.0 tmoxdpq_c
EX_galur2u_e_,galur2u_e <=> galur2u_b
CANAt2pp,cana_L_c + h_p --> cana_L_b + h_c
ARGt3pp,arg_L_c + h_p --> arg_L_p + h_c
CYSST2,acser_c + tsul_c --> ac_c + sslcys_c
NADH16pp,4.0 h_c + nadh_c + q8_c --> 3.0 h_p + nad_c + q8h2_c
ASPK,asp_L_c + atp_c <=> 4pasp_c + adp_c
ZN2teff_e,h_p + zn2_p --> h_c + zn2_b
EX_pencilca_e,pencilca_e <=> pencilca_b
TRPS1r,3ig3p_c + ser_L_c --> g3p_c + h2o_c + trp_L_c
G1PTT,dttp_c + g1p_c + h_c --> dtdpglu_c + ppi_c
EX_pa161_e_,pa161_e <=> pa161_b
ARBTNLtonex,arbtnl_fe3_e + h_p --> arbtnl_fe3_p + h_c
BTCSYN1,btade_c + coa_c <=> amp_c + btcoa_c + h_c
PPS,atp_c + h2o_c + pyr_c <=> amp_c + 2.0 h_c + pep_c + pi_c
BTCSYN2,atp_c + but_c + h_c <=> btade_c + ppi_c
EX_pbhb_e_,pbhb_e <=> pbhb_b
FALDtex,fald_e <=> fald_p
ASNNpp,asn_L_p + h2o_p --> asp_L_p + nh4_p
EX_mg2_e_,mg2_e <=> mg2_b
AMALT4,malt_c + malthx_c --> glc_D_c + malthp_c
AMALT3,malt_c + maltpt_c --> glc_D_c + malthx_c
AMALT2,malt_c + maltttr_c --> glc_D_c + maltpt_c
EX_novbcn_e_,novbcn_e <=> novbcn_b
AMALT1,malt_c + malttr_c --> glc_D_c + maltttr_c
O2Stpp,o2s_p <=> o2s_c
EX_3oochslac_e_,3oochslac_e <=> 3oochslac_b
SUCCt2_2pp,2.0 h_p + succ_p --> 2.0 h_c + succ_c
EX_gln_L_glu_L_e_,gln_L_glu_L_e <=> gln_L_glu_L_b
EX_T3SS_E_RipH3_e_,RipH3_e <=> RipH3_b
EX_T3SS_E_RipJ_e_,RipJ_e <=> RipJ_b
PA180abcpp,atp_c + h2o_c + pa180_c --> adp_c + h_c + pa180_p + pi_c
FALGTHLs,fald_c + gthrd_c <=> hmgth_c
PROT_pe_RSc3151_S,RSc3151_p + 707.0 atp_c + 707.0 h2o_c --> RSc3151_e + 707.0 adp_c + 707.0 h_c + 707.0 pi_c
CMBLD2,h2o_c + tcmbo_c --> 2mac_c + h_c
EX_fald_e_,fald_e <=> fald_b
CATECHOLtex,catechol_e <=> catechol_p
CMBLD4,c4cmbo_c + h2o_c --> 2mac_c + h_c
LPLIPAL1G181pp,1agpg181_p + h2o_p --> g3pg_p + h_p + ocdcea_p
GLYCtpp,glyc_c <=> glyc_p
3HOXIDS,akg_c + h2o_c + h_c + nad_c + nadph_c + o2_c + trp_L_c <=> 3hoxid_c + ac_c + for_c + glu_L_c + nadh_c + nadp_c
T6SS_E_RSp0629_S,RSp0629_c + 957.0 atp_c + 957.0 h2o_c --> RSp0629_e + 957.0 adp_c + 957.0 h_c + 957.0 pi_c
UDP4KPS,nad_c + udpglcur_c --> co2_c + nadh_c + udp4kp_c
3OAR40,actACP_c + h_c + nadph_c <=> 3haACP_c + nadp_c
PPC,co2_c + h2o_c + pep_c --> h_c + oaa_c + pi_c
ASNN,asn_L_c + h2o_c --> asp_L_c + nh4_c
CARMDC,5c2o3e_c + h_c --> 2hhep24dd_c + co2_c
tumble,4.0 h_p --> 4.0 h_c
PPA,h2o_c + ppi_c --> h_c + 2.0 pi_c
BAPT2,ala_L_c + mmtsa_c <=> 3aib_c + pyr_c
GLNS,atp_c + glu_L_c + nh4_c --> adp_c + gln_L_c + h_c + pi_c
QATPSK3PT,atp_c + skm_c --> adp_c + h_c + skm3p_c
PPCOAC,atp_c + hco3_c + ppcoa_c <=> adp_c + h_c + mmcoa_S_c + pi_c
ampiteff,ampi_p + h_p --> ampi_b + h_c
ORNabcpp,atp_c + h2o_c + orn_p --> adp_c + h_c + orn_c + pi_c
ASR_gr,aso4_c + grxrd_c <=> aso3_c + grxox_c + h2o_c
DDPGALA,2dh3dgal6p_c <=> g3p_c + pyr_c
EX_EPS_e_,EPS_e <=> EPS_b
PROT_RSc0249_BioS,128.0 alatrna_c + 62.0 argtrna_c + 107.0 asntrna_c + 184.0 asptrna_c + 4982.676 atp_c + 46.0 glntrna_c + 42.0 glutrna_c + 232.0 glytrna_c + 4982.676 h2o_c + 14.0 histrna_c + 58.0 iletrna_c + 131.0 leutrna_c + 25.0 lystrna_c + 10.0 mettrna_c + 41.0 phetrna_c + 31.0 protrna_c + 101.0 sertrna_c + 122.0 thrtrna_c + 17.0 trptrna_c + 69.0 tyrtrna_c + 79.0 valtrna_c --> RSc0249_c + 4982.676 adp_c + 4982.676 h_c + 4982.676 pi_c + 128.0 trnaala_c + 62.0 trnaarg_c + 291.0 trnaasp_c + 46.0 trnagln_c + 42.0 trnaglu_c + 232.0 trnagly_c + 14.0 trnahis_c + 58.0 trnaile_c + 131.0 trnaleu_c + 25.0 trnalys_c + 10.0 trnamet_c + 41.0 trnaphe_c + 31.0 trnapro_c + 101.0 trnaser_c + 122.0 trnathr_c + 17.0 trnatrp_c + 69.0 trnatyr_c + 79.0 trnaval_c
EX_T6SS_E_RSp0518_e_,RSp0518_e --> RSp0518_b
HOMt2pp,h_p + hom_L_c --> h_c + hom_L_p
EX_nac_e_,nac_e <=> nac_b
PROT_pe_Rsl_S,Rsl_p + 91.0 atp_c + 91.0 h2o_c --> Rsl_e + 91.0 adp_c + 91.0 h_c + 91.0 pi_c
MI1PP,h2o_c + mi1p_D_c --> inost_c + pi_c
THRtex,thr_L_e <=> thr_L_p
GTPDPK,atp_c + gtp_c --> amp_c + gdptp_c + h_c
T3SS_E_RipG2_S,RipG2_c + 1035.0 atp_c + 1035.0 h2o_c --> RipG2_e + 1035.0 adp_c + 1035.0 h_c + 1035.0 pi_c
PROT_pe_RSp0881_S,RSp0881_p + 767.0 atp_c + 767.0 h2o_c --> RSp0881_e + 767.0 adp_c + 767.0 h_c + 767.0 pi_c
ALLTAHr,alltt_c + h2o_c <=> urdglyc_c + urea_c
3OHPAMES,3hpalmACP_c + amet_c + h2o_c --> 3ohpame_c + ACP_c + ahcys_c + h_c
ARGDC,arg_L_c + h_c --> agm_c + co2_c
MALS,accoa_c + glx_c + h2o_c --> coa_c + h_c + mal_L_c
CYOCBB3_2pp,4.0 focytc_c + 6.0 h_c + o2_c --> 4.0 ficytc_c + 2.0 h2o_c + 2.0 h_p
MALT,h2o_c + malt_c --> 2.0 glc_D_c
UDCPDPpp,h2o_p + udcpdp_p --> h_p + pi_p + udcpp_p
PC6YM,2.0 amet_c + pre6b_c --> 2.0 ahcys_c + co2_c + 2.0 h_c + pre8_c
ACPCD,acpc_c + h2o_c <=> 2obut_c + nh4_c
PROT_ce_RSc0246_S,RSc0246_c + 1156.0 atp_c + 1156.0 h2o_c --> RSc0246_e + 1156.0 adp_c + 1156.0 h_c + 1156.0 pi_c
EX_Resoc_e_,resoc_e <=> resoc_b
EX_isetac_e_,isetac_e <=> isetac_b
KMBAOX,2kmb_e + ohr_e --> ch4s_e + 2.0 co2_e + etle_e
T3SS_E_RipAJ_S,RipAJ_c + 306.0 atp_c + 306.0 h2o_c --> RipAJ_e + 306.0 adp_c + 306.0 h_c + 306.0 pi_c
EX_met_L_ala_L_e_,met_L_ala_L_e <=> met_L_ala_L_b
MLDEP1pp,h2o_p + murein3px3p_p --> murein3p3p_p
CYStpp,cys_L_c --> cys_L_p
ICDHyr,icit_c + nadp_c <=> akg_c + co2_c + nadph_c
EX_T3SS_E_RipG1_e_,RipG1_e <=> RipG1_b
23PDE4pp,23ccmp_p + h2o_p --> 3cmp_p + h_p
3OAR60,3ohexACP_c + h_c + nadph_c <=> 3hhexACP_c + nadp_c
EX_acon_e_,acon_C_e <=> acon_C_b
FACOAL60t2pp,atp_c + coa_c + h_p + hxa_p --> amp_c + h_c + hxcoa_c + ppi_c
CD2t3pp,cd2_c + h_p --> cd2_b + h_c
GLYBabcpp,atp_c + glyb_p + h2o_c --> adp_c + glyb_c + h_c + pi_c
NOVBCNtpp,h_p + novbcn_p --> h_c + novbcn_b
DUTPDP,dutp_c + h2o_c --> dump_c + h_c + ppi_c
PGCDr,3pg_c + nad_c <=> 3php_c + h_c + nadh_c
PACtex,pac_e <=> pac_p
SULFACtex,sulfac_e <=> sulfac_p
MCITD,2mcit_c --> 2mcacn_c + h2o_c
CLPNS120pp,2.0 pg120_p <=> clpn120_p + glyc_p
GLYCLTDy,glx_c + h_c + nadph_c --> glyclt_c + nadp_c
EX_PCW_RSp1071_e_,PCW_RSp1071_LPS_e --> PCW_RSp1071_LPS_b
MCTP2App,murein5p5p5p_p --> 2.0 ala_D_p + murein5px4px4p_p
GLYCLTDx,glx_c + h_c + nadh_c --> glyclt_c + nad_c
TYRtex,tyr_L_e <=> tyr_L_p
PME,h2o_e + pect_e --> 0.6 meoh_e + polygalurnxu_e
NOtex,no_e <=> no_p
SULFOX,2.0 ficytc_c + h2o_c + so3_c --> 2.0 focytc_c + 2.0 h_c + so4_c
EX_ala_L_glu_L_e_,ala_L_glu_L_e <=> ala_L_glu_L_b
ALATA_L,akg_c + ala_L_c <=> glu_L_c + pyr_c
OPAH,5oxpro_c + atp_c + 2.0 h2o_c --> adp_c + glu_L_c + h_c + pi_c
MOHMT,3mob_c + h2o_c + mlthf_c --> 2dhp_c + thf_c
ABUTtex,4abut_e <=> 4abut_p
ARBTNLR,2.0 arbtnl_fe3_c + nadph_c --> 2.0 arbtnl_c + 2.0 fe2_c + h_c + nadp_c
RFURB,ralf2_c --> co2_c + ralfB_c
ALDD19x,h2o_c + nad_c + pacald_c --> 2.0 h_c + nadh_c + pac_c
MPTAT,atp_c + h_c + mpt_c --> mptamp_c + ppi_c
UHBZ1t_pp_,4hbz_p + h_p <=> 4hbz_c + h_c
CHTNDA,chtbs_c + 2.0 h2o_c <=> 2.0 ac_c + chitos_c + 2.0 h_c
FEMINE,cl_c + fe2_c + h2o_c --> fe2ohcl_c + h_c
EX_protein_RSp1536_e_,RSp1536_e --> RSp1536_b
AGM4PCP,anhgm4p_c + h2o_c --> ala_D_c + anhgm3p_c
FDMO2,fmnh2_c + mso3_c + o2_c --> fald_c + fmn_c + h2o_c + h_c + so3_c
FDMO4,butso3_c + fmnh2_c + o2_c --> btal_c + fmn_c + h2o_c + h_c + so3_c
T3SS_E_RipA3_BioS,210.0 alatrna_c + 108.0 argtrna_c + 20.0 asntrna_c + 56.0 asptrna_c + 4128.408 atp_c + 7.0 cystrna_c + 67.0 glntrna_c + 71.0 glutrna_c + 98.0 glytrna_c + 4128.408 h2o_c + 36.0 histrna_c + 29.0 iletrna_c + 107.0 leutrna_c + 42.0 lystrna_c + 23.0 mettrna_c + 25.0 phetrna_c + 79.0 protrna_c + 79.0 sertrna_c + 76.0 thrtrna_c + 15.0 trptrna_c + 22.0 tyrtrna_c + 72.0 valtrna_c --> RipA3_c + 4128.408 adp_c + 4128.408 h_c + 4128.408 pi_c + 210.0 trnaala_c + 108.0 trnaarg_c + 76.0 trnaasp_c + 7.0 trnacys_c + 67.0 trnagln_c + 71.0 trnaglu_c + 98.0 trnagly_c + 36.0 trnahis_c + 29.0 trnaile_c + 107.0 trnaleu_c + 42.0 trnalys_c + 23.0 trnamet_c + 25.0 trnaphe_c + 79.0 trnapro_c + 79.0 trnaser_c + 76.0 trnathr_c + 15.0 trnatrp_c + 22.0 trnatyr_c + 72.0 trnaval_c
ACOADH4,fad_c + ibcoa_c --> 2mp2coa_c + fadh2_c
G3PCabcpp,atp_c + g3pc_p + h2o_c --> adp_c + g3pc_c + h_c + pi_c
FDMO3,ethso3_c + fmnh2_c + o2_c --> acald_c + fmn_c + h2o_c + h_c + so3_c
PROT_ce_RSp0294_S,RSp0294_c + 589.0 atp_c + 589.0 h2o_c --> RSp0294_e + 589.0 adp_c + 589.0 h_c + 589.0 pi_c
CBIAT,atp_c + cbi_c + h_c <=> adocbi_c + pppi_c
METAT,atp_c + h2o_c + met_L_c <=> amet_c + pi_c + ppi_c
ASNS1,asp_L_c + atp_c + gln_L_c + h2o_c --> amp_c + asn_L_c + glu_L_c + h_c + ppi_c
EX_T3SS_E_RipA4_e_,RipA4_e <=> RipA4_b
FDMO6,fmnh2_c + o2_c + sulfac_c --> fmn_c + glx_c + h2o_c + h_c + so3_c
3OAR80,3ooctACP_c + h_c + nadph_c <=> 3hoctACP_c + nadp_c
FDMO5,fmnh2_c + o2_c + pentso3_c --> fmn_c + h2o_c + h_c + ptal_c + so3_c
EX_meoh_e_,meoh_e <=> meoh_b
G3PCtex,g3pc_e <=> g3pc_p
RYLNTARH,h2o_c + rnam_c --> h_c + ncam_c + rib_D_c
PROT_RSc2149_BioS,53.0 alatrna_c + 32.0 argtrna_c + 5.0 asntrna_c + 16.0 asptrna_c + 1140.132 atp_c + 6.0 cystrna_c + 10.0 glntrna_c + 13.0 glutrna_c + 24.0 glytrna_c + 1140.132 h2o_c + 14.0 histrna_c + 5.0 iletrna_c + 36.0 leutrna_c + 4.0 lystrna_c + 7.0 mettrna_c + 8.0 phetrna_c + 32.0 protrna_c + 15.0 sertrna_c + 27.0 thrtrna_c + 8.0 trptrna_c + 9.0 tyrtrna_c + 19.0 valtrna_c --> RSc2149_c + 1140.132 adp_c + 1140.132 h_c + 1140.132 pi_c + 53.0 trnaala_c + 32.0 trnaarg_c + 21.0 trnaasp_c + 6.0 trnacys_c + 10.0 trnagln_c + 13.0 trnaglu_c + 24.0 trnagly_c + 14.0 trnahis_c + 5.0 trnaile_c + 36.0 trnaleu_c + 4.0 trnalys_c + 7.0 trnamet_c + 8.0 trnaphe_c + 32.0 trnapro_c + 15.0 trnaser_c + 27.0 trnathr_c + 8.0 trnatrp_c + 9.0 trnatyr_c + 19.0 trnaval_c
MINCYCtpp,h_p + mincyc_p --> h_c + mincyc_b
EX_protein_Expansin_e_,Expansin_e --> Expansin_b
GLGC,atp_c + g1p_c + h_c --> adpglc_c + ppi_c
GLUt2pp,glu_L_p + h_p <=> glu_L_c + h_c
AOXSr2,ala_L_c + h_c + pimACP_c --> 8aonn_c + ACP_c + co2_c
2OBUTt2rpp,2obut_p + h_p <=> 2obut_c + h_c
HSTPTr,glu_L_c + imacp_c <=> akg_c + hisp_c
EX_urea_e,urea_e <=> urea_b
CYRDAR,2.0 co2dam_c + nadh_c --> 2.0 co1dam_c + h_c + nad_c
EX_catechol_e_,catechol_e <=> catechol_b
SERTRS2,atp_c + ser_L_c + trnasecys_c --> amp_c + ppi_c + sertrna_sec__c
EX_asp_L_asp_L_e_,asp_L_asp_L_e <=> asp_L_asp_L_b
T3SS_E_RipS1_S,RipS1_c + 2353.0 atp_c + 2353.0 h2o_c --> RipS1_e + 2353.0 adp_c + 2353.0 h_c + 2353.0 pi_c
EX_3hpp_e_,3hpp_e <=> 3hpp_b
RFURTT,ralf3_c --> co2_c + ralf_c
TALA,g3p_c + s7p_c <=> e4p_c + f6p_c
EX_T3SS_E_RipG5_e_,RipG5_e <=> RipG5_b
GLYCtex,glyc_e <=> glyc_p
AKGt2rpp,akg_p + h_p <=> akg_c + h_c
H2SH2O2_e,h2o2_e + h2s_e --> Ss_e + 2.0 h2o_e
H2SH2O2_c,h2o2_c + h2s_c --> Ss_c + 2.0 h2o_c
EX_cytd_e_,cytd_e <=> cytd_b
PGPP140pp,h2o_p + pgp140_p --> pg140_p + pi_p
PROT_cp_RSc0337_S,RSc0337_c + 496.0 atp_c + 496.0 h2o_c --> RSc0337_p + 496.0 adp_c + 496.0 h_c + 496.0 pi_c
DKGLCNR2y,25dkglcn_c + h_c + nadph_c --> 5dglcn_c + nadp_c
3NTD9pp,3gmp_p + h2o_p --> gsn_p + pi_p
DKGLCNR2x,25dkglcn_c + h_c + nadh_c --> 5dglcn_c + nad_c
CRNDt2rpp,crn_D_p + h_p <=> crn_D_c + h_c
PROT_cp_RSp0030_S,RSp0030_c + 272.0 atp_c + 272.0 h2o_c --> RSp0030_p + 272.0 adp_c + 272.0 h_c + 272.0 pi_c
T3SS_E_RipAO_BioS,86.0 alatrna_c + 65.0 argtrna_c + 18.0 asntrna_c + 20.0 asptrna_c + 1655.352 atp_c + cystrna_c + 48.0 glntrna_c + 20.0 glutrna_c + 19.0 glytrna_c + 1655.352 h2o_c + 9.0 histrna_c + 17.0 iletrna_c + 24.0 leutrna_c + 14.0 lystrna_c + 9.0 mettrna_c + 11.0 phetrna_c + 66.0 protrna_c + 26.0 sertrna_c + 22.0 thrtrna_c + trptrna_c + 11.0 tyrtrna_c + 11.0 valtrna_c --> RipAO_c + 1655.352 adp_c + 1655.352 h_c + 1655.352 pi_c + 86.0 trnaala_c + 65.0 trnaarg_c + 38.0 trnaasp_c + trnacys_c + 48.0 trnagln_c + 20.0 trnaglu_c + 19.0 trnagly_c + 9.0 trnahis_c + 17.0 trnaile_c + 24.0 trnaleu_c + 14.0 trnalys_c + 9.0 trnamet_c + 11.0 trnaphe_c + 66.0 trnapro_c + 26.0 trnaser_c + 22.0 trnathr_c + trnatrp_c + 11.0 trnatyr_c + 11.0 trnaval_c
H2SH2O2_p,h2o2_p + h2s_p --> Ss_p + 2.0 h2o_p
EX_3hpppn_e_,3hpppn_e <=> 3hpppn_b
MCITS,h2o_c + oaa_c + ppcoa_c --> 2mcit_c + coa_c + h_c
GPDDA5pp,g3pi_p + h2o_p --> glyc3p_p + h_p + inost_p
CYTDtex,cytd_e <=> cytd_p
AICART,10fthf_c + aicar_c <=> fprica_c + thf_c
PPNDH,h_c + pphn_c --> co2_c + h2o_c + phpyr_c
T3SS_E_RipP1_BioS,35.0 alatrna_c + 36.0 argtrna_c + 17.0 asntrna_c + 19.0 asptrna_c + 1223.232 atp_c + 2.0 cystrna_c + 13.0 glntrna_c + 27.0 glutrna_c + 22.0 glytrna_c + 1223.232 h2o_c + 15.0 histrna_c + 13.0 iletrna_c + 29.0 leutrna_c + 11.0 lystrna_c + 5.0 mettrna_c + 12.0 phetrna_c + 20.0 protrna_c + 36.0 sertrna_c + 22.0 thrtrna_c + 2.0 trptrna_c + 13.0 tyrtrna_c + 19.0 valtrna_c --> RipP1_c + 1223.232 adp_c + 1223.232 h_c + 1223.232 pi_c + 35.0 trnaala_c + 36.0 trnaarg_c + 36.0 trnaasp_c + 2.0 trnacys_c + 13.0 trnagln_c + 27.0 trnaglu_c + 22.0 trnagly_c + 15.0 trnahis_c + 13.0 trnaile_c + 29.0 trnaleu_c + 11.0 trnalys_c + 5.0 trnamet_c + 12.0 trnaphe_c + 20.0 trnapro_c + 36.0 trnaser_c + 22.0 trnathr_c + 2.0 trnatrp_c + 13.0 trnatyr_c + 19.0 trnaval_c
COBALT2t3pp,cobalt2_c + h_p --> cobalt2_p + h_c
MPTG2,murein5p5p_p + uaagmda_c --> h_c + murein5p5p5p_p + udcpdp_c
BZDHy,bzal_c + h2o_c + nadp_c --> bz_c + 2.0 h_c + nadph_c
EX_T3SS_E_RipV1_e_,RipV1_e <=> RipV1_b
PYK,adp_c + h_c + pep_c --> atp_c + pyr_c
EX_mal_L_e_,mal_L_e <=> mal_L_b
EX_T3SS_E_RipAC_e_,RipAC_e <=> RipAC_b
EX_pa181_e_,pa181_e <=> pa181_b
EX_5mtr_e,5mtr_e <=> 5mtr_b
IG3PS,gln_L_c + prlp_c --> aicar_c + eig3p_c + glu_L_c + h_c
T3SS_E_RipAW_S,RipAW_c + 448.0 atp_c + 448.0 h2o_c --> RipAW_e + 448.0 adp_c + 448.0 h_c + 448.0 pi_c
EX_protein_RSp1466_e_,RSp1466_e --> RSp1466_b
MCTP1Bpp,murein5p5p_p --> alaala_p + murein5px3p_p
EX_ala_L_gln_L_e_,ala_L_gln_L_e <=> ala_L_gln_L_b
EX_ag_e_,ag_e <=> ag_b
T3SS_E_RipAV_BioS,107.0 alatrna_c + 72.0 argtrna_c + 21.0 asntrna_c + 44.0 asptrna_c + 2758.92 atp_c + 2.0 cystrna_c + 42.0 glntrna_c + 41.0 glutrna_c + 69.0 glytrna_c + 2758.92 h2o_c + 35.0 histrna_c + 38.0 iletrna_c + 77.0 leutrna_c + 37.0 lystrna_c + 13.0 mettrna_c + 14.0 phetrna_c + 47.0 protrna_c + 53.0 sertrna_c + 38.0 thrtrna_c + 5.0 trptrna_c + 17.0 tyrtrna_c + 58.0 valtrna_c --> RipAV_c + 2758.92 adp_c + 2758.92 h_c + 2758.92 pi_c + 107.0 trnaala_c + 72.0 trnaarg_c + 65.0 trnaasp_c + 2.0 trnacys_c + 42.0 trnagln_c + 41.0 trnaglu_c + 69.0 trnagly_c + 35.0 trnahis_c + 38.0 trnaile_c + 77.0 trnaleu_c + 37.0 trnalys_c + 13.0 trnamet_c + 14.0 trnaphe_c + 47.0 trnapro_c + 53.0 trnaser_c + 38.0 trnathr_c + 5.0 trnatrp_c + 17.0 trnatyr_c + 58.0 trnaval_c
LSERDH,nadp_c + ser_L_c --> 2amsa_c + h_c + nadph_c
T3SS_E_RipH1_S,RipH1_c + 765.0 atp_c + 765.0 h2o_c --> RipH1_e + 765.0 adp_c + 765.0 h_c + 765.0 pi_c
PROT_RSp0275_BioS,60.0 alatrna_c + 16.0 argtrna_c + 14.0 asntrna_c + 22.0 asptrna_c + 1332.924 atp_c + 7.0 cystrna_c + 23.0 glntrna_c + 4.0 glutrna_c + 43.0 glytrna_c + 1332.924 h2o_c + 6.0 histrna_c + 20.0 iletrna_c + 27.0 leutrna_c + 10.0 lystrna_c + 9.0 mettrna_c + 10.0 phetrna_c + 19.0 protrna_c + 22.0 sertrna_c + 31.0 thrtrna_c + 8.0 trptrna_c + 15.0 tyrtrna_c + 35.0 valtrna_c --> RSp0275_c + 1332.924 adp_c + 1332.924 h_c + 1332.924 pi_c + 60.0 trnaala_c + 16.0 trnaarg_c + 36.0 trnaasp_c + 7.0 trnacys_c + 23.0 trnagln_c + 4.0 trnaglu_c + 43.0 trnagly_c + 6.0 trnahis_c + 20.0 trnaile_c + 27.0 trnaleu_c + 10.0 trnalys_c + 9.0 trnamet_c + 10.0 trnaphe_c + 19.0 trnapro_c + 22.0 trnaser_c + 31.0 trnathr_c + 8.0 trnatrp_c + 15.0 trnatyr_c + 35.0 trnaval_c
T6SS_E_RSc1944_S,RSc1944_c + 865.0 atp_c + 865.0 h2o_c --> RSc1944_e + 865.0 adp_c + 865.0 h_c + 865.0 pi_c
EX_protein_RSc0104_act_e_,RSc0104_act_e --> RSc0104_act_b
PStex,PS_RS_p --> PS_RS_e
LAAL5,2.0 ala_L_c + atp_c --> adp_c + diala_L_c + h_c + pi_c
T3SS_E_RipT_S,RipT_c + 321.0 atp_c + 321.0 h2o_c --> RipT_e + 321.0 adp_c + 321.0 h_c + 321.0 pi_c
LAAL6,ala_L_c + atp_c + ser_L_c --> adp_c + h_c + pi_c + ser_L_ala_L_c
CYTK1,atp_c + cmp_c <=> adp_c + cdp_c
T3SS_E_RipAH_BioS,13.0 alatrna_c + 9.0 argtrna_c + 3.0 asntrna_c + 4.0 asptrna_c + 319.104 atp_c + cystrna_c + 10.0 glntrna_c + 6.0 glutrna_c + 10.0 glytrna_c + 319.104 h2o_c + 2.0 histrna_c + 2.0 iletrna_c + 4.0 leutrna_c + 3.0 lystrna_c + mettrna_c + 2.0 phetrna_c + 7.0 protrna_c + 9.0 sertrna_c + 5.0 thrtrna_c + tyrtrna_c + 4.0 valtrna_c --> RipAH_c + 319.104 adp_c + 319.104 h_c + 319.104 pi_c + 13.0 trnaala_c + 9.0 trnaarg_c + 7.0 trnaasp_c + trnacys_c + 10.0 trnagln_c + 6.0 trnaglu_c + 10.0 trnagly_c + 2.0 trnahis_c + 2.0 trnaile_c + 4.0 trnaleu_c + 3.0 trnalys_c + trnamet_c + 2.0 trnaphe_c + 7.0 trnapro_c + 9.0 trnaser_c + 5.0 trnathr_c + trnatyr_c + 4.0 trnaval_c
LYSt3pp,h_p + lys_L_c --> h_c + lys_L_p
LAAL8,atp_c + 2.0 ser_L_c --> adp_c + h_c + pi_c + ser_L_ser_L_c
NOVBCNtex,novbcn_e <=> novbcn_p
EX_T3SS_E_RipE1_e_,RipE1_e <=> RipE1_b
EX_dca_e_,dca_e <=> dca_b
EX_cobalt2_e_,cobalt2_e <=> cobalt2_b
T6SS_E_RSp0518_S,RSp0518_c + 908.0 atp_c + 908.0 h2o_c --> RSp0518_e + 908.0 adp_c + 908.0 h_c + 908.0 pi_c
CYTK2,atp_c + dcmp_c <=> adp_c + dcdp_c
T3SS_E_RipA5_S,RipA5_c + 1240.0 atp_c + 1240.0 h2o_c --> RipA5_e + 1240.0 adp_c + 1240.0 h_c + 1240.0 pi_c
PNTK,atp_c + pnto_R_c --> 4ppan_c + adp_c + h_c
PAPPT3,udcpp_c + ugmda_c --> uagmda_c + ump_c
EX_ala_L_e_,ala_L_e <=> ala_L_b
HEPT5,adphep_LD_c + kdolipid4L_c --> adp_c + hkdolipa_c
Esclttex,esclt_e <=> esclt_p
MALEI,male_c <=> fum_c
AKP1pp,ahdt_p + 3.0 h2o_p --> dhnpt_p + 2.0 h_p + 3.0 pi_p
NACtex,nac_e <=> nac_p
EX_ser_L_e_,ser_L_e <=> ser_L_b
EX_ttdca_e_,ttdca_e <=> ttdca_b
CDGS,cph4_c + h_c --> cdg_c + nh4_c
METB1r,achms_c + cys_L_c <=> ac_c + cyst_L_c + h_c
PHETRS,atp_c + phe_L_c + trnaphe_c --> amp_c + phetrna_c + ppi_c
CDGR,3.0 h_c + 2.0 nadph_c + preq0_c --> 2.0 nadp_c + preq1_c
DGK1,atp_c + dgmp_c <=> adp_c + dgdp_c
P5CD,1pyr5c_c + 2.0 h2o_c + nad_c --> glu_L_c + h_c + nadh_c
NO2tex,no2_e <=> no2_p
UAMAS,ala_L_c + atp_c + uamr_c --> adp_c + h_c + pi_c + uama_c
EX_pro_L_e_,pro_L_e <=> pro_L_b
EX_tre_e_,tre_e <=> tre_b
ADNUC,adn_c + h2o_c --> ade_c + rib_D_c
2AGPE180tipp,2agpe180_p --> 2agpe180_c
EX_2obut_e_,2obut_e <=> 2obut_b
EX_T3SS_E_RipS6_e_,RipS6_e <=> RipS6_b
NOtpp,no_p <=> no_c
P5CR,1pyr5c_c + 2.0 h_c + nadph_c --> nadp_c + pro_L_c
EX_4abut_e_,4abut_e <=> 4abut_b
LYSTRS,atp_c + lys_L_c + trnalys_c --> amp_c + lystrna_c + ppi_c
MLTGY4pp,murein4px4p4p_p --> anhgm4p_p + murein4px4p_p
MTHFR2_glu,2.0 h_c + mlthfglu_c + nadh_c --> 5mthfglu_c + nad_c
EX_T6SS_E_RSp1139_e_,RSp1139_e --> RSp1139_b
ALAtex,ala_L_e <=> ala_L_p
CARHM1,chmccm_c <=> 5c2o3e_c
EX_met_L_e_,met_L_e <=> met_L_b
HWr_p,fe3_p + o2s_p --> fe2_p + o2_p
BUTt2rpp,but_p + h_p <=> but_c + h_c
OCBT,cbp_c + orn_c <=> citr_L_c + h_c + pi_c
5MTRtpp,5mtr_c + h_c --> 5mtr_p + h_p
EX_glyc_e_,glyc_e <=> glyc_b
HWr_c,fe3_c + o2s_c --> fe2_c + o2_c
EX_mnl_e_,mnl_e <=> mnl_b
EX_protein_RSp0294_act_e_,RSp0294_act_e --> RSp0294_act_b
T3SS_E_RipAF1_BioS,39.0 alatrna_c + 35.0 argtrna_c + 8.0 asntrna_c + 15.0 asptrna_c + 1163.4 atp_c + cystrna_c + 12.0 glntrna_c + 13.0 glutrna_c + 25.0 glytrna_c + 1163.4 h2o_c + 9.0 histrna_c + 11.0 iletrna_c + 36.0 leutrna_c + 9.0 lystrna_c + 8.0 mettrna_c + 10.0 phetrna_c + 44.0 protrna_c + 36.0 sertrna_c + 16.0 thrtrna_c + trptrna_c + 6.0 tyrtrna_c + 16.0 valtrna_c --> RipAF1_c + 1163.4 adp_c + 1163.4 h_c + 1163.4 pi_c + 39.0 trnaala_c + 35.0 trnaarg_c + 23.0 trnaasp_c + trnacys_c + 12.0 trnagln_c + 13.0 trnaglu_c + 25.0 trnagly_c + 9.0 trnahis_c + 11.0 trnaile_c + 36.0 trnaleu_c + 9.0 trnalys_c + 8.0 trnamet_c + 10.0 trnaphe_c + 44.0 trnapro_c + 36.0 trnaser_c + 16.0 trnathr_c + trnatrp_c + 6.0 trnatyr_c + 16.0 trnaval_c
LPLIPAL1E180pp,1agpe180_p + h2o_p --> g3pe_p + h_p + ocdca_p
MEPCT,2me4p_c + ctp_c + h_c --> 4c2me_c + ppi_c
HWr_e,fe3_e + o2s_e --> fe2_e + o2_e
Fusarteff,fusar_p + h_p --> fusar_b + h_c
ADMDCr,amet_c + h_c <=> ametam_c + co2_c
GTADT1,atp_c + gln_L_c + glutrna_c + h2o_c --> adp_c + glntrna_c + glu_L_c + h_c + pi_c
GTADT2,asptrna_c + atp_c + gln_L_c + h2o_c --> adp_c + asntrna_c + glu_L_c + pi_c
MDDEP2pp,h2o_p + murein3px4p_p --> murein4p3p_p
34DHPHAOR,34dhpha_c + o2_c --> 2h5cmmsem_c + h_c
PGP160abcpp,atp_c + h2o_c + pgp160_c --> adp_c + h_c + pgp160_p + pi_c
EX_ind3ac_e_,ind3ac_e <=> ind3ac_b
PROT_ce_RSc0104_S,RSc0104_c + 960.0 atp_c + 960.0 h2o_c --> RSc0104_e + 960.0 adp_c + 960.0 h_c + 960.0 pi_c
PROT_RSp0629_BioS,122.0 alatrna_c + 56.0 argtrna_c + 31.0 asntrna_c + 63.0 asptrna_c + 3181.068 atp_c + 7.0 cystrna_c + 56.0 glntrna_c + 38.0 glutrna_c + 89.0 glytrna_c + 3181.068 h2o_c + 46.0 histrna_c + 36.0 iletrna_c + 78.0 leutrna_c + 23.0 lystrna_c + 20.0 mettrna_c + 36.0 phetrna_c + 43.0 protrna_c + 62.0 sertrna_c + 52.0 thrtrna_c + 15.0 trptrna_c + 20.0 tyrtrna_c + 64.0 valtrna_c --> RSp0629_c + 3181.068 adp_c + 3181.068 h_c + 3181.068 pi_c + 122.0 trnaala_c + 56.0 trnaarg_c + 94.0 trnaasp_c + 7.0 trnacys_c + 56.0 trnagln_c + 38.0 trnaglu_c + 89.0 trnagly_c + 46.0 trnahis_c + 36.0 trnaile_c + 78.0 trnaleu_c + 23.0 trnalys_c + 20.0 trnamet_c + 36.0 trnaphe_c + 43.0 trnapro_c + 62.0 trnaser_c + 52.0 trnathr_c + 15.0 trnatrp_c + 20.0 trnatyr_c + 64.0 trnaval_c
ETLEtex,etle_e <=> etle_p
EX_mincyc_e_,mincyc_e <=> mincyc_b
MTHFR2,2.0 h_c + mlthf_c + nadh_c --> 5mthf_c + nad_c
EX_T3SS_E_RipN_e_,RipN_e <=> RipN_b
T3SS_E_RipAX2_S,RipAX2_c + 218.0 atp_c + 218.0 h2o_c --> RipAX2_e + 218.0 adp_c + 218.0 h_c + 218.0 pi_c
PROT_cp_RSp1620_S,RSp1620_c + 1309.0 atp_c + 1309.0 h2o_c --> RSp1620_p + 1309.0 adp_c + 1309.0 h_c + 1309.0 pi_c
N2tex,n2_e <=> n2_p
G1PACT,accoa_c + gam1p_c --> acgam1p_c + coa_c + h_c
PANTS,ala_B_c + atp_c + pant_R_c --> amp_c + h_c + pnto_R_c + ppi_c
EX_T3SS_E_RipY_e_,RipY_e <=> RipY_b
EX_protein_PC_e_,Prot_e <=> Prot_b
AGM4PApp,anhgm4p_p + h2o_p --> LalaDgluMdapDala_p + anhgm_p
MCSNAH1r,5mcsn_c + h2o_c + h_c --> nh4_c + thym_c
L_LACtex,lac_L_e <=> lac_L_p
PPAt2rpp,h_p + ppa_p <=> h_c + ppa_c
CYStex,cys_L_e <=> cys_L_p
2AGPA140tipp,2tdecg3p_p --> 2tdecg3p_c
ORNDC,h_c + orn_c --> co2_c + ptrc_c
HCO3E,co2_c + h2o_c <=> h_c + hco3_c
EX_tom_e_,tom_e <=> tom_b
MEPYRCE,h2o_c + mepyr_c --> h_c + meoh_c + pyr_c
PStpp,PS_RS_c + 10.0 atp_c + 10.0 h2o_c --> PS_RS_p + 10.0 adp_c + 10.0 h_c + 10.0 pi_c
NABTNO,h2o_c + n4abutn_c + nad_c --> 4aabutn_c + 2.0 h_c + nadh_c
3NTD4pp,3cmp_p + h2o_p --> cytd_p + pi_p
OPHBDC,3ophb_c + h_c --> 2oph_c + co2_c
EX_g3pc_e_,g3pc_e <=> g3pc_b
FACOAL141t2pp,atp_c + coa_c + h_p + ttdcea_p --> amp_c + h_c + ppi_c + tdecoa_c
EX_pc141_e_,pc141_e <=> pc141_b
ADNtex,adn_e <=> adn_p
EX_protein_PlcN_e_,PlcN_e --> PlcN_b
UDPG4E,udpg_c <=> udpgal_c
AKP1,ahdt_c + 3.0 h2o_c --> dhnpt_c + 2.0 h_c + 3.0 pi_c
DM_frmd,frmd_c --> frmd_b
GGGABADr,ggbutal_c + h2o_c + nadp_c <=> gg4abut_c + 2.0 h_c + nadph_c
EX_PCW_Expansin_e_,cellos_Expansin_LPS_e --> cellos_Expansin_LPS_b
T3SS_E_RipAX1_BioS,18.0 alatrna_c + 16.0 argtrna_c + 11.0 asntrna_c + 8.0 asptrna_c + 721.308 atp_c + 4.0 cystrna_c + 6.0 glntrna_c + 23.0 glutrna_c + 15.0 glytrna_c + 721.308 h2o_c + 9.0 histrna_c + 9.0 iletrna_c + 16.0 leutrna_c + 12.0 lystrna_c + 4.0 mettrna_c + 4.0 phetrna_c + 11.0 protrna_c + 22.0 sertrna_c + 11.0 thrtrna_c + 4.0 trptrna_c + 6.0 tyrtrna_c + 8.0 valtrna_c --> RipAX1_c + 721.308 adp_c + 721.308 h_c + 721.308 pi_c + 18.0 trnaala_c + 16.0 trnaarg_c + 19.0 trnaasp_c + 4.0 trnacys_c + 6.0 trnagln_c + 23.0 trnaglu_c + 15.0 trnagly_c + 9.0 trnahis_c + 9.0 trnaile_c + 16.0 trnaleu_c + 12.0 trnalys_c + 4.0 trnamet_c + 4.0 trnaphe_c + 11.0 trnapro_c + 22.0 trnaser_c + 11.0 trnathr_c + 4.0 trnatrp_c + 6.0 trnatyr_c + 8.0 trnaval_c
MESUCCtex,mesucc_e <=> mesucc_p
ICYSDS,cys_L_c + iscs_c --> ala_L_c + iscssh_c
CLPNS160pp,2.0 pg160_p <=> clpn160_p + glyc_p
UGMDDS,alaala_c + atp_c + ugmd_c --> adp_c + h_c + pi_c + ugmda_c
ACOAD8f,fad_c + stcoa_c <=> fadh2_c + od2coa_c
EX_k_e_,k_e <=> k_b
T3SS_E_RipAC_BioS,96.0 alatrna_c + 72.0 argtrna_c + 39.0 asntrna_c + 41.0 asptrna_c + 3270.816 atp_c + 4.0 cystrna_c + 51.0 glntrna_c + 55.0 glutrna_c + 69.0 glytrna_c + 3270.816 h2o_c + 24.0 histrna_c + 25.0 iletrna_c + 156.0 leutrna_c + 42.0 lystrna_c + 17.0 mettrna_c + 19.0 phetrna_c + 68.0 protrna_c + 95.0 sertrna_c + 58.0 thrtrna_c + 4.0 trptrna_c + 7.0 tyrtrna_c + 42.0 valtrna_c --> RipAC_c + 3270.816 adp_c + 3270.816 h_c + 3270.816 pi_c + 96.0 trnaala_c + 72.0 trnaarg_c + 80.0 trnaasp_c + 4.0 trnacys_c + 51.0 trnagln_c + 55.0 trnaglu_c + 69.0 trnagly_c + 24.0 trnahis_c + 25.0 trnaile_c + 156.0 trnaleu_c + 42.0 trnalys_c + 17.0 trnamet_c + 19.0 trnaphe_c + 68.0 trnapro_c + 95.0 trnaser_c + 58.0 trnathr_c + 4.0 trnatrp_c + 7.0 trnatyr_c + 42.0 trnaval_c
GPDDA1pp,g3pc_p + h2o_p --> chol_p + glyc3p_p + h_p
PSSA161,cdpdhdec9eg_c + ser_L_c --> cmp_c + h_c + ps161_c
PSSA160,cdpdhdecg_c + ser_L_c --> cmp_c + h_c + ps160_c
THBPT4ACAMDASE,thbpt4acam_c --> dhbpt_c + h2o_c
EX_cholp_e_,cholp_e <=> cholp_b
OXDHCOAT,3oxdhscoa_c + coa_c --> 23dhacoa_c + accoa_c
OCOAT1r,acac_c + succoa_c <=> aacoa_c + succ_c
PROT_cp_Mel_S,Mel_c + 412.0 atp_c + 412.0 h2o_c --> Mel_p + 412.0 adp_c + 412.0 h_c + 412.0 pi_c
LPLIPAL1A161pp,1hdec9eg3p_p + h2o_p --> glyc3p_p + h_p + hdcea_p
DHPPDA,25dhpp_c + h2o_c + h_c --> 5apru_c + nh4_c
MOADSUx,iscssh_c + moadamp_c + nadh_c --> amp_c + iscs_c + moadcosh_c + nad_c
PROT_Tek2_BioS,83.0 alatrna_c + 8.0 argtrna_c + 24.0 asntrna_c + 17.0 asptrna_c + 1718.508 atp_c + 2.0 cystrna_c + 25.0 glntrna_c + 9.0 glutrna_c + 53.0 glytrna_c + 1718.508 h2o_c + 25.0 iletrna_c + 50.0 leutrna_c + 11.0 lystrna_c + 5.0 mettrna_c + 11.0 phetrna_c + 17.0 protrna_c + 65.0 sertrna_c + 54.0 thrtrna_c + 4.0 tyrtrna_c + 54.0 valtrna_c --> Tek2_c + 1718.508 adp_c + 1718.508 h_c + 1718.508 pi_c + 83.0 trnaala_c + 8.0 trnaarg_c + 41.0 trnaasp_c + 2.0 trnacys_c + 25.0 trnagln_c + 9.0 trnaglu_c + 53.0 trnagly_c + 25.0 trnaile_c + 50.0 trnaleu_c + 11.0 trnalys_c + 5.0 trnamet_c + 11.0 trnaphe_c + 17.0 trnapro_c + 65.0 trnaser_c + 54.0 trnathr_c + 4.0 trnatyr_c + 54.0 trnaval_c
FACOAL80t2pp,atp_c + coa_c + h_p + octa_p --> amp_c + h_c + occoa_c + ppi_c
PROT_RSc3188_BioS,427.0 alatrna_c + 80.0 argtrna_c + 183.0 asntrna_c + 114.0 asptrna_c + 9144.324 atp_c + 17.0 cystrna_c + 137.0 glntrna_c + 29.0 glutrna_c + 415.0 glytrna_c + 9144.324 h2o_c + 26.0 histrna_c + 136.0 iletrna_c + 182.0 leutrna_c + 32.0 lystrna_c + 32.0 mettrna_c + 48.0 phetrna_c + 109.0 protrna_c + 208.0 sertrna_c + 301.0 thrtrna_c + 20.0 trptrna_c + 36.0 tyrtrna_c + 219.0 valtrna_c --> RSc3188_c + 9144.324 adp_c + 9144.324 h_c + 9144.324 pi_c + 427.0 trnaala_c + 80.0 trnaarg_c + 297.0 trnaasp_c + 17.0 trnacys_c + 137.0 trnagln_c + 29.0 trnaglu_c + 415.0 trnagly_c + 26.0 trnahis_c + 136.0 trnaile_c + 182.0 trnaleu_c + 32.0 trnalys_c + 32.0 trnamet_c + 48.0 trnaphe_c + 109.0 trnapro_c + 208.0 trnaser_c + 301.0 trnathr_c + 20.0 trnatrp_c + 36.0 trnatyr_c + 219.0 trnaval_c
MEPYRtex,mepyr_e <=> mepyr_p
FORtppi,for_c <=> for_p
PROT_RSc0102_BioS,129.0 alatrna_c + 47.0 argtrna_c + 107.0 asntrna_c + 152.0 asptrna_c + 4045.308 atp_c + 40.0 glntrna_c + 2.0 glutrna_c + 192.0 glytrna_c + 4045.308 h2o_c + 14.0 histrna_c + 95.0 iletrna_c + 66.0 leutrna_c + 14.0 lystrna_c + 12.0 mettrna_c + 30.0 phetrna_c + 11.0 protrna_c + 82.0 sertrna_c + 122.0 thrtrna_c + 21.0 trptrna_c + 23.0 tyrtrna_c + 58.0 valtrna_c --> RSc0102_c + 4045.308 adp_c + 4045.308 h_c + 4045.308 pi_c + 129.0 trnaala_c + 47.0 trnaarg_c + 259.0 trnaasp_c + 40.0 trnagln_c + 2.0 trnaglu_c + 192.0 trnagly_c + 14.0 trnahis_c + 95.0 trnaile_c + 66.0 trnaleu_c + 14.0 trnalys_c + 12.0 trnamet_c + 30.0 trnaphe_c + 11.0 trnapro_c + 82.0 trnaser_c + 122.0 trnathr_c + 21.0 trnatrp_c + 23.0 trnatyr_c + 58.0 trnaval_c
3PEPTabcpp,LalaDgluMdap_p + atp_c + h2o_c --> LalaDgluMdap_c + adp_c + h_c + pi_c
DM_1cu2s_CopA,11cu2s_CopA_p --> 11cu2s_CopA_b
12GLUCANacabcppRS,acglucan_c + atp_c + h2o_c --> acglucan_p + adp_c + h_c + pi_c
T3SS_E_RipK_S,RipK_c + 577.0 atp_c + 577.0 h2o_c --> RipK_e + 577.0 adp_c + 577.0 h_c + 577.0 pi_c
DHACOAH,23dhacoa_c + h2o_c <=> 3hadpcoa_c
PROT_RSp1073_BioS,456.0 alatrna_c + 134.0 argtrna_c + 220.0 asntrna_c + 173.0 asptrna_c + 11042.328 atp_c + 9.0 cystrna_c + 199.0 glntrna_c + 88.0 glutrna_c + 469.0 glytrna_c + 11042.328 h2o_c + 34.0 histrna_c + 150.0 iletrna_c + 259.0 leutrna_c + 85.0 lystrna_c + 24.0 mettrna_c + 42.0 phetrna_c + 69.0 protrna_c + 285.0 sertrna_c + 332.0 thrtrna_c + 16.0 trptrna_c + 45.0 tyrtrna_c + 233.0 valtrna_c --> RSp1073_c + 11042.328 adp_c + 11042.328 h_c + 11042.328 pi_c + 456.0 trnaala_c + 134.0 trnaarg_c + 393.0 trnaasp_c + 9.0 trnacys_c + 199.0 trnagln_c + 88.0 trnaglu_c + 469.0 trnagly_c + 34.0 trnahis_c + 150.0 trnaile_c + 259.0 trnaleu_c + 85.0 trnalys_c + 24.0 trnamet_c + 42.0 trnaphe_c + 69.0 trnapro_c + 285.0 trnaser_c + 332.0 trnathr_c + 16.0 trnatrp_c + 45.0 trnatyr_c + 233.0 trnaval_c
EX_hdca_e_,hdca_e <=> hdca_b
FECRMabcpp,atp_c + fecrm_p + h2o_c --> adp_c + fecrm_c + h_c + pi_c
2AGPA180tipp,2odecg3p_p --> 2odecg3p_c
EX_aso4_e_,aso4_e <=> aso4_b
PE160abcpp,atp_c + h2o_c + pe160_c --> adp_c + h_c + pe160_p + pi_c
AAMYL,14aglucan_c + h2o_c --> 2.0 malthx_c
FESR,3fe4s_c + fe2_c --> 4fe4s_c
ORNCD,orn_c --> nh4_c + pro_L_c
PGP180abcpp,atp_c + h2o_c + pgp180_c --> adp_c + h_c + pgp180_p + pi_c
TREHpp,h2o_p + tre_p --> 2.0 glc_D_p
T3SS_E_RipAS_S,RipAS_c + 878.0 atp_c + 878.0 h2o_c --> RipAS_e + 878.0 adp_c + 878.0 h_c + 878.0 pi_c
FE2tex,fe2_e <=> fe2_p
DM_AMOB,amob_c --> amob_b
GENDO,gensa_c + o2_c --> h_c + malpyr_c
PROT_pe_RSp1444_S,RSp1444_p + 1371.0 atp_c + 1371.0 h2o_c --> RSp1444_e + 1371.0 adp_c + 1371.0 h_c + 1371.0 pi_c
T3SS_E_RipAJ_BioS,49.0 alatrna_c + 23.0 argtrna_c + 8.0 asntrna_c + 16.0 asptrna_c + 1017.144 atp_c + 5.0 cystrna_c + 13.0 glntrna_c + 16.0 glutrna_c + 16.0 glytrna_c + 1017.144 h2o_c + 7.0 histrna_c + 11.0 iletrna_c + 42.0 leutrna_c + 6.0 lystrna_c + 5.0 mettrna_c + 5.0 phetrna_c + 30.0 protrna_c + 18.0 sertrna_c + 17.0 thrtrna_c + 2.0 trptrna_c + 5.0 tyrtrna_c + 12.0 valtrna_c --> RipAJ_c + 1017.144 adp_c + 1017.144 h_c + 1017.144 pi_c + 49.0 trnaala_c + 23.0 trnaarg_c + 24.0 trnaasp_c + 5.0 trnacys_c + 13.0 trnagln_c + 16.0 trnaglu_c + 16.0 trnagly_c + 7.0 trnahis_c + 11.0 trnaile_c + 42.0 trnaleu_c + 6.0 trnalys_c + 5.0 trnamet_c + 5.0 trnaphe_c + 30.0 trnapro_c + 18.0 trnaser_c + 17.0 trnathr_c + 2.0 trnatrp_c + 5.0 trnatyr_c + 12.0 trnaval_c
EX_4hphac_e_,4hphac_e <=> 4hphac_b
MCCDNtonex,fe3mccdn_e + h_p --> fe3mccdn_p + h_c
PSSA181,cdpdodec11eg_c + ser_L_c --> cmp_c + h_c + ps181_c
3OOCHSLACtex,3oochslac_e <=> 3oochslac_p
PSSA180,cdpdodecg_c + ser_L_c --> cmp_c + h_c + ps180_c
THFGLUS,3.0 atp_c + 3.0 glu_L_c + thf_c <=> 3.0 adp_c + 3.0 h_c + 3.0 pi_c + thfglu_c
HACD8i,3hodcoa_c + nad_c <=> 3oodcoa_c + h_c + nadh_c
EX_fe3mccdn_e_,fe3mccdn_e <=> fe3mccdn_b
XTSNH,h2o_c + xtsn_c --> rib_D_c + xan_c
EX_PCW_L_Mannose_e_,PCW_D_Mannose_e <=> PCW_D_Mannose_b
ISETACtex,isetac_e <=> isetac_p
LPLIPAL1G120pp,1agpg120_p + h2o_p --> ddca_p + g3pg_p + h_p
EX_protein_PehB_e_,PehB_e --> PehB_b
ACGLUt2pp,acglu_p + h_p --> acglu_c + h_c
ENDOPGALUR_3u,h2o_e + polygalurnxu_e --> 2.0 galur3u_e
FFSDr,h2o_c + suc6p_c --> fru_c + g6p_c
IPPMIb,2ippm_c + h2o_c <=> 3c3hmp_c
EX_no_e_,no_e <=> no_b
IPPMIa,3c2hmp_c <=> 2ippm_c + h2o_c
ACOAD5f,ddcacoa_c + fad_c <=> dd2coa_c + fadh2_c
UREA,h2o_c + 2.0 h_c + urea_c --> co2_c + 2.0 nh4_c
PG141abcpp,atp_c + h2o_c + pg141_c --> adp_c + h_c + pg141_p + pi_c
T3SS_E_RipA1_S,RipA1_c + 1063.0 atp_c + 1063.0 h2o_c --> RipA1_e + 1063.0 adp_c + 1063.0 h_c + 1063.0 pi_c
PRPPS,atp_c + r5p_c <=> amp_c + h_c + prpp_c
AGPAT120,1ddecg3p_c + ddcaACP_c --> ACP_c + pa120_c
PROT_Pme_BioS,66.0 alatrna_c + 18.0 argtrna_c + 32.0 asntrna_c + 15.0 asptrna_c + 1459.236 atp_c + 6.0 cystrna_c + 13.0 glntrna_c + 5.0 glutrna_c + 43.0 glytrna_c + 1459.236 h2o_c + 5.0 histrna_c + 24.0 iletrna_c + 28.0 leutrna_c + 13.0 lystrna_c + 4.0 mettrna_c + 17.0 phetrna_c + 21.0 protrna_c + 35.0 sertrna_c + 45.0 thrtrna_c + 3.0 trptrna_c + 20.0 tyrtrna_c + 26.0 valtrna_c --> Pme_c + 1459.236 adp_c + 1459.236 h_c + 1459.236 pi_c + 66.0 trnaala_c + 18.0 trnaarg_c + 47.0 trnaasp_c + 6.0 trnacys_c + 13.0 trnagln_c + 5.0 trnaglu_c + 43.0 trnagly_c + 5.0 trnahis_c + 24.0 trnaile_c + 28.0 trnaleu_c + 13.0 trnalys_c + 4.0 trnamet_c + 17.0 trnaphe_c + 21.0 trnapro_c + 35.0 trnaser_c + 45.0 trnathr_c + 3.0 trnatrp_c + 20.0 trnatyr_c + 26.0 trnaval_c
2AGPE141tipp,2agpe141_p --> 2agpe141_c
HPPK2,6hmhpt_c + atp_c --> 6hmhptpp_c + amp_c + h_c
ALHD15y,clald_c + h2o_c + nadp_c --> cla_c + 2.0 h_c + nadph_c
PPCSYN1,amp_c + h_c + ppcoa_c <=> coa_c + ppade_c
CD2tex,cd2_e <=> cd2_p
PROT_cp_Tek_S,Tek_c + 569.0 atp_c + 569.0 h2o_c --> Tek_p + 569.0 adp_c + 569.0 h_c + 569.0 pi_c
EX_akg_e_,akg_e <=> akg_b
FALDtpp,fald_p <=> fald_c
PROT_cp_RSc3188_S,RSc3188_c + 2751.0 atp_c + 2751.0 h2o_c --> RSc3188_p + 2751.0 adp_c + 2751.0 h_c + 2751.0 pi_c
PC3BS,h_c + nadh_c + o2_c + pre3a_c --> h2o_c + nad_c + pre3b_c
ASO4tpc,aso4_p <=> aso4_c
PPCSYN2,ppade_c + ppi_c <=> atp_c + h_c + ppa_c
MDDCP2pp,h2o_p + murein5px4px4p_p --> ala_D_p + murein4px4px4p_p
EX_pac_e_,pac_e <=> pac_b
ACOAD4f,dcacoa_c + fad_c <=> dc2coa_c + fadh2_c
PROT_pe_RSp1466_S,RSp1466_p + 114.0 atp_c + 114.0 h2o_c --> RSp1466_e + 114.0 adp_c + 114.0 h_c + 114.0 pi_c
UACMAMO,h2o_c + 2.0 nad_c + uacmam_c --> 3.0 h_c + 2.0 nadh_c + uacmamu_c
EX_polygalurnxu_e_,polygalurnxu_e <=> polygalurnxu_b
PSSA120,cdpdddecg_c + ser_L_c --> cmp_c + h_c + ps120_c
CHRPL,chor_c <=> 4hbz_c + pyr_c
THRt2pp,h_p + thr_L_c --> h_c + thr_L_p
EX_fusa_e_,fusa_e <=> fusa_b
CUt3pp,cu_c + h_p --> cu_p + h_c
EX_val_L_e_,val_L_e <=> val_L_b
EX_pect_e_,pect_e <=> pect_b
EX_5oxpro_e_,5oxpro_e <=> 5oxpro_b
CYSabcpp,atp_c + cys_L_p + h2o_c --> adp_c + cys_L_c + h_c + pi_c
T3SS_E_RipAB_S,RipAB_c + 174.0 atp_c + 174.0 h2o_c --> RipAB_e + 174.0 adp_c + 174.0 h_c + 174.0 pi_c
EX_Tek_e_,Tek_28kd_e <=> Tek_28kd_b
T3SS_E_RipX_S,RipX_c + 344.0 atp_c + 344.0 h2o_c --> RipX_e + 344.0 adp_c + 344.0 h_c + 344.0 pi_c
DAPDC,26dap_M_c + h_c <=> co2_c + lys_L_c
CYTDH,cytd_c + h2o_c --> csn_c + rib_D_c
DSBCGT,dsbcox_p + 2.0 gthrd_p --> dsbcrd_p + gthox_p
Resoctex,resoc_e <=> resoc_p
EX_T3SS_E_RipQ_e_,RipQ_e <=> RipQ_b
2AGPG160tipp,2agpg160_p --> 2agpg160_c
AGPAT140,1tdecg3p_c + myrsACP_c --> ACP_c + pa140_c
AGPAT141,1tdec7eg3p_c + tdeACP_c --> ACP_c + pa141_c
DKGLUCK,atp_c + dkglc_c --> 6pddgluc_c + adp_c + h_c
ACOAD7f,fad_c + pmtcoa_c <=> fadh2_c + hdd2coa_c
ACBIPGT,adocbip_c + gtp_c + h_c --> agdpcbi_c + ppi_c
CYSTBL3,h2o_c + selcyst_c --> nh4_c + pyr_c + selhcys_c
DM_5DRIB,5drib_c --> 5drib_b
EX_bhb_e_,bhb_e <=> bhb_b
PMDPHT,5aprbu_c + h2o_c --> 4r5au_c + pi_c
MLDCP1App,h2o_p + murein5px4p_p --> alaala_p + murein3px4p_p
URCN,h2o_c + urcan_c --> 4izp_c
HEMEOS,frdp_c + h2o_c + pheme_c --> hemeO_c + ppi_c
T3SS_E_RipAZ1_BioS,40.0 alatrna_c + 26.0 argtrna_c + 10.0 asntrna_c + 25.0 asptrna_c + 920.748 atp_c + 3.0 cystrna_c + 11.0 glntrna_c + 10.0 glutrna_c + 13.0 glytrna_c + 920.748 h2o_c + 5.0 histrna_c + 15.0 iletrna_c + 23.0 leutrna_c + 10.0 lystrna_c + 3.0 mettrna_c + 7.0 phetrna_c + 19.0 protrna_c + 23.0 sertrna_c + 13.0 thrtrna_c + 5.0 trptrna_c + 8.0 tyrtrna_c + 8.0 valtrna_c --> RipAZ1_c + 920.748 adp_c + 920.748 h_c + 920.748 pi_c + 40.0 trnaala_c + 26.0 trnaarg_c + 35.0 trnaasp_c + 3.0 trnacys_c + 11.0 trnagln_c + 10.0 trnaglu_c + 13.0 trnagly_c + 5.0 trnahis_c + 15.0 trnaile_c + 23.0 trnaleu_c + 10.0 trnalys_c + 3.0 trnamet_c + 7.0 trnaphe_c + 19.0 trnapro_c + 23.0 trnaser_c + 13.0 trnathr_c + 5.0 trnatrp_c + 8.0 trnatyr_c + 8.0 trnaval_c
T3SS_E_RipAQ_BioS,89.0 alatrna_c + 60.0 argtrna_c + 18.0 asntrna_c + 31.0 asptrna_c + 2207.136 atp_c + 2.0 cystrna_c + 32.0 glntrna_c + 27.0 glutrna_c + 63.0 glytrna_c + 2207.136 h2o_c + 17.0 histrna_c + 27.0 iletrna_c + 60.0 leutrna_c + 25.0 lystrna_c + 7.0 mettrna_c + 17.0 phetrna_c + 58.0 protrna_c + 45.0 sertrna_c + 35.0 thrtrna_c + 3.0 trptrna_c + 13.0 tyrtrna_c + 35.0 valtrna_c --> RipAQ_c + 2207.136 adp_c + 2207.136 h_c + 2207.136 pi_c + 89.0 trnaala_c + 60.0 trnaarg_c + 49.0 trnaasp_c + 2.0 trnacys_c + 32.0 trnagln_c + 27.0 trnaglu_c + 63.0 trnagly_c + 17.0 trnahis_c + 27.0 trnaile_c + 60.0 trnaleu_c + 25.0 trnalys_c + 7.0 trnamet_c + 17.0 trnaphe_c + 58.0 trnapro_c + 45.0 trnaser_c + 35.0 trnathr_c + 3.0 trnatrp_c + 13.0 trnatyr_c + 35.0 trnaval_c
EX_protein_RSc0337_e_,RSc0337_e --> RSc0337_b
ACOTA,acorn_c + akg_c <=> acg5sa_c + glu_L_c
EX_23cump_e_,23cump_e <=> 23cump_b
DHPS2,4abz_c + 6hmhptpp_c --> dhpt_c + ppi_c
EX_spmd_e_,spmd_e <=> spmd_b
CPMPS,gtp_c + h2o_c --> cpmp_c + ppi_c
SADT2,atp_c + gtp_c + h2o_c + so4_c --> aps_c + gdp_c + pi_c + ppi_c
ACYP_2,actp_c + h2o_c --> ac_c + h_c + pi_c
PSSA141,cdpdtdec7eg_c + ser_L_c --> cmp_c + h_c + ps141_c
ACOAD6f,fad_c + tdcoa_c <=> fadh2_c + td2coa_c
PSSA140,cdpdtdecg_c + ser_L_c --> cmp_c + h_c + ps140_c
GLCtex,glc_D_e <=> glc_D_p
NACODA,acg5sa_c + h2o_c --> ac_c + glu5sa_c
PROT_PehB_BioS,85.0 alatrna_c + 40.0 argtrna_c + 46.0 asntrna_c + 49.0 asptrna_c + 2333.448 atp_c + 5.0 cystrna_c + 17.0 glntrna_c + 16.0 glutrna_c + 74.0 glytrna_c + 2333.448 h2o_c + 11.0 histrna_c + 25.0 iletrna_c + 43.0 leutrna_c + 19.0 lystrna_c + 15.0 mettrna_c + 31.0 phetrna_c + 24.0 protrna_c + 54.0 sertrna_c + 69.0 thrtrna_c + 7.0 trptrna_c + 23.0 tyrtrna_c + 49.0 valtrna_c --> PehB_c + 2333.448 adp_c + 2333.448 h_c + 2333.448 pi_c + 85.0 trnaala_c + 40.0 trnaarg_c + 95.0 trnaasp_c + 5.0 trnacys_c + 17.0 trnagln_c + 16.0 trnaglu_c + 74.0 trnagly_c + 11.0 trnahis_c + 25.0 trnaile_c + 43.0 trnaleu_c + 19.0 trnalys_c + 15.0 trnamet_c + 31.0 trnaphe_c + 24.0 trnapro_c + 54.0 trnaser_c + 69.0 trnathr_c + 7.0 trnatrp_c + 23.0 trnatyr_c + 49.0 trnaval_c
LGTHL,gthrd_c + mthgxl_c --> lgt_S_c
CFAS160G,2.0 amet_c + pg161_c --> 2.0 ahcys_c + cpg160_c + 2.0 h_c
TTDCEAtex,ttdcea_e <=> ttdcea_p
CFAS160E,2.0 amet_c + pe161_c --> 2.0 ahcys_c + cpe160_c + 2.0 h_c
CU1abcpp,atp_c + cu_c + h2o_c --> adp_c + cu_p + h_c + pi_c
OPMEACPR,h_c + nadph_c + opmeACP_c --> hpmeACP_c + nadp_c
OPMEACPS,gmeACP_c + h_c + malACP_c --> ACP_c + co2_c + opmeACP_c
MTARTDC,h_c + tartr_M_c --> co2_c + glyc_R_c
ACOAD1f,btcoa_c + fad_c <=> b2coa_c + fadh2_c
MEPYRt_p,mepyr_p --> mepyr_c
LPLIPAL1E141pp,1agpe141_p + h2o_p --> g3pe_p + h_p + ttdcea_p
T3SS_E_RipAF1_S,RipAF1_c + 350.0 atp_c + 350.0 h2o_c --> RipAF1_e + 350.0 adp_c + 350.0 h_c + 350.0 pi_c
THIORDXi,h2o2_c + trdrd_c --> 2.0 h2o_c + trdox_c
ARGTRS,arg_L_c + atp_c + trnaarg_c --> amp_c + argtrna_c + ppi_c
PROT_cp_Pme_S,Pme_c + 439.0 atp_c + 439.0 h2o_c --> Pme_p + 439.0 adp_c + 439.0 h_c + 439.0 pi_c
LPSKOabctpp,Oantigen_core_ko_lipidA_RS_c + atp_c + h2o_c --> Oantigen_core_ko_lipidA_RS_p + adp_c + h_c + pi_c
ALCD2x,etoh_c + nad_c <=> acald_c + h_c + nadh_c
SFGTH,Sfglutth_c + h2o_c --> for_c + gthrd_c + h_c
4HBHYOX,4hbz_c + h_c + nadph_c + o2_c --> 34dhbz_c + h2o_c + nadp_c
TTDCAtex,ttdca_e <=> ttdca_p
NAtex,na1_e <=> na1_p
T3SS_E_RipBA_S,RipBA_c + 310.0 atp_c + 310.0 h2o_c --> RipBA_e + 310.0 adp_c + 310.0 h_c + 310.0 pi_c
PPLDc141,h2o_e + pc141_e --> chol_e + h_c + pa141_e
HPAtex,hpa_e <=> hpa_p
ALCD2y,acald_c + h_c + nadph_c --> etoh_c + nadp_c
5HOXINDACTOX,5hoxindact_c + h2o_c + nad_c --> 5hoxindoa_c + 2.0 h_c + nadh_c
DOCRBCNtex,doxrbcn_e <=> doxrbcn_p
EPMEACPR,epmeACP_c + h_c + nadph_c --> nadp_c + pmeACP_c
EX_T3SS_E_RipS2_e_,RipS2_e <=> RipS2_b
UMPK,atp_c + ump_c <=> adp_c + udp_c
HIUHase,h2o_c + hisot_c --> h_c + houdic_c
PROT_cp_RSp1539_S,RSp1539_c + 2737.0 atp_c + 2737.0 h2o_c --> RSp1539_p + 2737.0 adp_c + 2737.0 h_c + 2737.0 pi_c
ETLEtpp,etle_c <=> etle_p
CHLtex,chol_e <=> chol_p
OPMEACPD,hpmeACP_c --> epmeACP_c + h2o_c
EX_h2s_e_,h2s_e <=> h2s_b
METSr,5mthf_c + hcys_L_c --> h_c + met_L_c + thf_c
PPLDc140,h2o_e + pc140_e --> chol_e + h_c + pa140_e
ASPASPabcpp,asp_L_asp_L_p + atp_c + h2o_c --> adp_c + asp_L_asp_L_c + h_c + pi_c
GLYGLNtex,gly_gln_L_e <=> gly_gln_L_p
EX_pc161_e_,pc161_e <=> pc161_b
MPTSS,atp_c + h_c + moadcoo_c --> moadamp_c + ppi_c
GLUN,gln_L_c + h2o_c --> glu_L_c + nh4_c
EX_o2s_e_,o2s_e <=> o2s_b
PCW_bd_RSp1539,PCW_e + RSp1539_e --> PCW_RSp1539_LPS_e
EX_hexhslac_e_,hexhslac_e <=> hexhslac_b
EX_PCW_L_Fucose_Rsl_e_,PCW_L_Fucose_Rsl_e --> PCW_L_Fucose_Rsl_b
GLUR,glu_D_c <=> glu_L_c
ALCD19,glyald_c + h_c + nadh_c <=> glyc_c + nad_c
DM_chitos,chitos_c --> chitos_b
EX_leu_L_e_,leu_L_e <=> leu_L_b
ACOAD3f,fad_c + occoa_c <=> fadh2_c + oc2coa_c
GALTabcpp,atp_c + galt_p + h2o_c --> adp_c + galt_c + h_c + pi_c
INSH,h2o_c + ins_c --> hxan_c + rib_D_c
T3SS_E_RipG7_S,RipG7_c + 647.0 atp_c + 647.0 h2o_c --> RipG7_e + 647.0 adp_c + 647.0 h_c + 647.0 pi_c
EX_protein_RSp1180_e_,RSp1180_e --> RSp1180_b
NTRIR2x,5.0 h_c + 3.0 nadh_c + no2_c --> 2.0 h2o_c + 3.0 nad_c + nh4_c
ILEabcpp,atp_c + h2o_c + ile_L_p --> adp_c + h_c + ile_L_c + pi_c
UDCPDPS,frdp_c + 8.0 ipdp_c --> 8.0 ppi_c + udcpdp_c
HDCOAI,hdcoa_c <=> hdd2coa_c
INSt2rpp,h_p + ins_p <=> h_c + ins_c
PCW_bd_RSp1545,PCW_e + RSp1545_e --> PCW_RSp1545_LPS_e
URIDK2r,atp_c + dump_c <=> adp_c + dudp_c
Resocteff,h_p + resoc_p --> h_c + resoc_b
METACH,achms_c + h2s_c <=> ac_c + h_c + hcys_L_c
T6SS_E_RSc0958_S,RSc0958_c + 907.0 atp_c + 907.0 h2o_c --> RSc0958_e + 907.0 adp_c + 907.0 h_c + 907.0 pi_c
Berbteff,berb_p + h_p --> berb_b + h_c
ASO4tex,aso4_e <=> aso4_p
Escltteff,esclt_p + h_p --> esclt_b + h_c
PPLDc120,h2o_e + pc120_e --> chol_e + h_c + pa120_e
ACOAD2f,fad_c + hxcoa_c <=> fadh2_c + hx2coa_c
H2St1pp,h2s_p <=> h2s_c
EX_galt_e_,galt_e <=> galt_b
MAN6PI,man6p_c <=> f6p_c
OMCDC,3c4mop_c + h_c --> 4mop_c + co2_c
G3PGtex,g3pg_e <=> g3pg_p
PROT_RSp0656_BioS,50.0 alatrna_c + 49.0 argtrna_c + 14.0 asntrna_c + 47.0 asptrna_c + 2011.02 atp_c + 3.0 cystrna_c + 19.0 glntrna_c + 20.0 glutrna_c + 70.0 glytrna_c + 2011.02 h2o_c + 23.0 histrna_c + 22.0 iletrna_c + 51.0 leutrna_c + 8.0 lystrna_c + 35.0 mettrna_c + 20.0 phetrna_c + 42.0 protrna_c + 21.0 sertrna_c + 48.0 thrtrna_c + 12.0 trptrna_c + 13.0 tyrtrna_c + 38.0 valtrna_c --> CopA_c + 2011.02 adp_c + 2011.02 h_c + 2011.02 pi_c + 50.0 trnaala_c + 49.0 trnaarg_c + 61.0 trnaasp_c + 3.0 trnacys_c + 19.0 trnagln_c + 20.0 trnaglu_c + 70.0 trnagly_c + 23.0 trnahis_c + 22.0 trnaile_c + 51.0 trnaleu_c + 8.0 trnalys_c + 35.0 trnamet_c + 20.0 trnaphe_c + 42.0 trnapro_c + 21.0 trnaser_c + 48.0 trnathr_c + 12.0 trnatrp_c + 13.0 trnatyr_c + 38.0 trnaval_c
T3SS_E_RipAO_S,RipAO_c + 498.0 atp_c + 498.0 h2o_c --> RipAO_e + 498.0 adp_c + 498.0 h_c + 498.0 pi_c
DPR,2dhp_c + h_c + nadph_c --> nadp_c + pant_R_c
EX_Esclt_e_,esclt_e <=> esclt_b
GLCRtex,glcr_e <=> glcr_p
EX_mobd_e_,mobd_e <=> mobd_b
XAND,h2o_c + nad_c + xan_c --> h_c + nadh_c + urate_c
EX_protein_RSp1545_e_,RSp1545_e --> RSp1545_b
BROMOSUCCtex,bromosucc_e <=> bromosucc_p
T3SS_E_RipS5_BioS,318.0 alatrna_c + 212.0 argtrna_c + 70.0 asntrna_c + 129.0 asptrna_c + 7771.512 atp_c + 22.0 cystrna_c + 126.0 glntrna_c + 130.0 glutrna_c + 143.0 glytrna_c + 7771.512 h2o_c + 69.0 histrna_c + 78.0 iletrna_c + 288.0 leutrna_c + 84.0 lystrna_c + 44.0 mettrna_c + 59.0 phetrna_c + 143.0 protrna_c + 128.0 sertrna_c + 115.0 thrtrna_c + 38.0 trptrna_c + 36.0 tyrtrna_c + 106.0 valtrna_c --> RipS5_c + 7771.512 adp_c + 7771.512 h_c + 7771.512 pi_c + 318.0 trnaala_c + 212.0 trnaarg_c + 199.0 trnaasp_c + 22.0 trnacys_c + 126.0 trnagln_c + 130.0 trnaglu_c + 143.0 trnagly_c + 69.0 trnahis_c + 78.0 trnaile_c + 288.0 trnaleu_c + 84.0 trnalys_c + 44.0 trnamet_c + 59.0 trnaphe_c + 143.0 trnapro_c + 128.0 trnaser_c + 115.0 trnathr_c + 38.0 trnatrp_c + 36.0 trnatyr_c + 106.0 trnaval_c
AGtex,ag_e <=> ag_p
PROt2rpp,h_p + pro_L_p <=> h_c + pro_L_c
GHMT2r,ser_L_c + thf_c <=> gly_c + h2o_c + mlthf_c
NTRIR5pp,2.0 focytc_c + 2.0 h_p + no2_p --> 2.0 ficytc_c + h2o_p + no_p
FTHFCL,5fthf_c + atp_c --> adp_c + methf_c + pi_c
GLUDt2pp,glu_D_p + h_p <=> glu_D_c + h_c
PCADYOX,34dhbz_c + o2_c --> CCbuttc_c + 2.0 h_c
EX_T3SS_E_RipAQ_e_,RipAQ_e <=> RipAQ_b
PROT_RSp0103_BioS,103.0 alatrna_c + 66.0 argtrna_c + 32.0 asntrna_c + 51.0 asptrna_c + 2941.74 atp_c + 2.0 cystrna_c + 50.0 glntrna_c + 50.0 glutrna_c + 97.0 glytrna_c + 2941.74 h2o_c + 37.0 histrna_c + 39.0 iletrna_c + 72.0 leutrna_c + 22.0 lystrna_c + 16.0 mettrna_c + 29.0 phetrna_c + 43.0 protrna_c + 58.0 sertrna_c + 34.0 thrtrna_c + 14.0 trptrna_c + 16.0 tyrtrna_c + 54.0 valtrna_c --> RSp0103_c + 2941.74 adp_c + 2941.74 h_c + 2941.74 pi_c + 103.0 trnaala_c + 66.0 trnaarg_c + 83.0 trnaasp_c + 2.0 trnacys_c + 50.0 trnagln_c + 50.0 trnaglu_c + 97.0 trnagly_c + 37.0 trnahis_c + 39.0 trnaile_c + 72.0 trnaleu_c + 22.0 trnalys_c + 16.0 trnamet_c + 29.0 trnaphe_c + 43.0 trnapro_c + 58.0 trnaser_c + 34.0 trnathr_c + 14.0 trnatrp_c + 16.0 trnatyr_c + 54.0 trnaval_c
EX_ampica_e,ampica_e <=> ampica_b
PROT_pe_RSp0275_S,RSp0275_p + 401.0 atp_c + 401.0 h2o_c --> RSp0275_e + 401.0 adp_c + 401.0 h_c + 401.0 pi_c
T3SS_E_RipG2_BioS,175.0 alatrna_c + 82.0 argtrna_c + 56.0 asntrna_c + 55.0 asptrna_c + 3440.34 atp_c + 7.0 cystrna_c + 26.0 glntrna_c + 34.0 glutrna_c + 88.0 glytrna_c + 3440.34 h2o_c + 19.0 histrna_c + 29.0 iletrna_c + 146.0 leutrna_c + 13.0 lystrna_c + 12.0 mettrna_c + 11.0 phetrna_c + 57.0 protrna_c + 104.0 sertrna_c + 63.0 thrtrna_c + 8.0 trptrna_c + 10.0 tyrtrna_c + 40.0 valtrna_c --> RipG2_c + 3440.34 adp_c + 3440.34 h_c + 3440.34 pi_c + 175.0 trnaala_c + 82.0 trnaarg_c + 111.0 trnaasp_c + 7.0 trnacys_c + 26.0 trnagln_c + 34.0 trnaglu_c + 88.0 trnagly_c + 19.0 trnahis_c + 29.0 trnaile_c + 146.0 trnaleu_c + 13.0 trnalys_c + 12.0 trnamet_c + 11.0 trnaphe_c + 57.0 trnapro_c + 104.0 trnaser_c + 63.0 trnathr_c + 8.0 trnatrp_c + 10.0 trnatyr_c + 40.0 trnaval_c
HSK,atp_c + hom_L_c --> adp_c + h_c + phom_c
PROT_RSp0295_ACT,RSp0295_e + ca2__e --> RSp0295_act_e
EX_23camp_e_,23camp_e <=> 23camp_b
ABZS,4adcho_c --> 4abz_c + h_c + pyr_c
PROT_cp_RSc1775_S,RSc1775_c + 3165.0 atp_c + 3165.0 h2o_c --> RSc1775_p + 3165.0 adp_c + 3165.0 h_c + 3165.0 pi_c
EX_pa141_e_,pa141_e <=> pa141_b
EPSbioS,2.5 dtdprmn_c + 10.0 udpacgal_c + udpg_c --> EPS_c + 2.5 dtdp_c + 13.5 h_c + 11.0 udp_c
G3PGabcpp,atp_c + g3pg_p + h2o_c --> adp_c + g3pg_c + h_c + pi_c
GLUtex,glu_L_e <=> glu_L_p
EX_acfv_e_,acfv_e <=> acfv_b
CATECHOLtpp,catechol_p <=> catechol_c
EX_peptide_PC_e_,pept_e <=> pept_b
AGDC,acgam6p_c + h2o_c <=> ac_c + gam6p_c
PPK2r,atp_c + ppi_c <=> adp_c + pppi_c
GP4GH,gp4g_c + h2o_c --> 2.0 gdp_c + 2.0 h_c
EX_protein_RSc0249_act_e_,RSc0249_act_e --> RSc0249_act_b
PROtex,pro_L_e <=> pro_L_p
NI2tex,ni2_e <=> ni2_p
PGPP180pp,h2o_p + pgp180_p --> pg180_p + pi_p
UPPDC1,4.0 h_c + uppg3_c --> 4.0 co2_c + cpppg3_c
EX_protein_RSp0275_e_,RSp0275_e --> RSp0275_b
PYRt2rpp,h_p + pyr_p <=> h_c + pyr_c
RFURAH,h2o_c + ralf1_c --> ralf2_c
TYRASEex,2.0 56dihindlcrbxlt_e <=> h2o_e + melanin_e + 1.5 o2_e
T2DECAI,tdec2eACP_c <=> cdec3eACP_c
SALCCOA5HL,h_c + nadh_c + o2_c + salclcoa_c --> gentscoa_c + h2o_c + nad_c
DOPACHRex,2c23dh56dhoxin_e + dopaqn_e --> 34dhphe_e + L_dpchrm_e
FRUK_r,atp_c + f1p_c --> adp_c + fdp_c + h_c
EX_butso3_e_,butso3_e <=> butso3_b
ALAGLUtex,ala_L_glu_L_e <=> ala_L_glu_L_p
OMMBLHX,2ommbl_c + 0.5 o2_c --> 2omhmbl_c
AHSERL,achms_c + ch4s_c --> ac_c + h_c + met_L_c
EX_but_e_,but_e <=> but_b
MEOHtex,meoh_e <=> meoh_p
PTRCDH,h2o_c + nad_c + ptrc_c --> 4abutn_c + h_c + nadh_c + nh4_c
MG2tpp,mg2_p <=> mg2_c
FECRMtonex,fecrm_e + h_p --> fecrm_p + h_c
PE140abcpp,atp_c + h2o_c + pe140_c --> adp_c + h_c + pe140_p + pi_c
EX_fe2_e_,fe2_e <=> fe2_b
EX_T3SS_E_RipAF1_e_,RipAF1_e <=> RipAF1_b
FECRMexs,fe3_e + fecrm_un_e --> fecrm_e
HISTRS,atp_c + his_L_c + trnahis_c --> amp_c + histrna_c + ppi_c
4CBMCLC,4cml_c + h_c <=> 2odhf5a_c + co2_c
ASNtex,asn_L_e <=> asn_L_p
CPOLDH,cpol_c + nad_c <=> cpon_c + h_c + nadh_c
OPHHX,2oph_c + 0.5 o2_c --> 2ohph_c
SPODMpp,2.0 h_p + 2.0 o2s_p --> h2o2_p + o2_p
acfvtex,acfv_e <=> acfv_p
KDOCT2,ctp_c + kdo_c --> ckdo_c + ppi_c
RNDR2,gdp_c + trdrd_c --> dgdp_c + h2o_c + trdox_c
RNDR1,adp_c + trdrd_c --> dadp_c + h2o_c + trdox_c
EX_ac_e_,ac_e <=> ac_b
EX_sulfac_e_,sulfac_e <=> sulfac_b
RNDR4,trdrd_c + udp_c --> dudp_c + h2o_c + trdox_c
RNDR3,cdp_c + trdrd_c --> dcdp_c + h2o_c + trdox_c
UAAGDS,26dap_M_c + atp_c + uamag_c --> adp_c + h_c + pi_c + ugmd_c
MDDEP3pp,h2o_p + murein5px4p_p --> murein5p4p_p
NH4tex,nh4_e <=> nh4_p
3HAD121,3hcddec5eACP_c --> h2o_c + t3c5ddeceACP_c
3HAD120,3hddecACP_c --> h2o_c + tddec2eACP_c
COBALT2tpp,cobalt2_p --> cobalt2_c
NADN,h2o_c + nad_c --> adprib_c + h_c + ncam_c
OROTt2_2pp,2.0 h_p + orot_p --> 2.0 h_c + orot_c
MN2t3pp,h_p + mn2_c --> h_c + mn2_p
CTBTtex,ctbt_e <=> ctbt_p
NADK,atp_c + nad_c --> adp_c + h_c + nadp_c
FOLR2,fol_c + h_c + nadph_c --> dhf_c + nadp_c
NI2tpp,ni2_p --> ni2_c
ORNTA,akg_c + orn_c --> glu5sa_c + glu_L_c
PMANM,man1p_c <=> man6p_c
EX_T3SS_E_RipU2_e_,RipU2_e <=> RipU2_b
AM4PCP,anhm4p_c + h2o_c --> ala_D_c + anhm3p_c
IND3ACtpp,ind3ac_c <=> ind3ac_p
T3SS_E_RipB_S,RipB_c + 490.0 atp_c + 490.0 h2o_c --> RipB_e + 490.0 adp_c + 490.0 h_c + 490.0 pi_c
CYSSr,acser_c + h2s_c --> ac_c + cys_L_c + h_c
DHPR,dhbpt_c + h_c + nadh_c --> nad_c + thbpt_c
CYSTL,cyst_L_c + h2o_c --> hcys_L_c + nh4_c + pyr_c
CYRDAAT,atp_c + co1dam_c + h_c <=> adcobdam_c + pppi_c
PROT_pe_RSp0540_S,RSp0540_p + 3552.0 atp_c + 3552.0 h2o_c --> RSp0540_e + 3552.0 adp_c + 3552.0 h_c + 3552.0 pi_c
PCW_bd_RSc0104_act,PCW_e + RSc0104_act_e --> PCW_RSc0104_act_e
DATA3,glu_D_c + phpyr_c <=> akg_c + dphe_c
HOMtex,hom_L_e <=> hom_L_p
MCOATA,ACP_c + malcoa_c <=> coa_c + malACP_c
HPPPNDO,dhpppn_c + o2_c --> h_c + hkndd_c
UBQBM,2hpmhobq_c + h_c + nadph_c + o2_c --> 2hp6mobq_me_c + h2o_c + nadp_c
EX_glu_D_e_,glu_D_e <=> glu_D_b
DHQD,3dhq_c --> 3dhsk_c + h2o_c
EX_T3SS_E_RipT_e_,RipT_e <=> RipT_b
ALAR,ala_L_c <=> ala_D_c
GTPCII,gtp_c + 3.0 h2o_c --> 25dhpp_c + for_c + 2.0 h_c + ppi_c
UDCPPtppi,udcpp_p --> udcpp_c
FERULCOAS,atp_c + coa_c + fer_c --> amp_c + ferulcoa_c + ppi_c
MSO3abcpp,atp_c + h2o_c + mso3_p --> adp_c + h_c + mso3_c + pi_c
T3SS_E_RipAL_BioS,26.0 alatrna_c + 25.0 argtrna_c + 13.0 asntrna_c + 19.0 asptrna_c + 1033.764 atp_c + 2.0 cystrna_c + 12.0 glntrna_c + 14.0 glutrna_c + 36.0 glytrna_c + 1033.764 h2o_c + 7.0 histrna_c + 7.0 iletrna_c + 33.0 leutrna_c + 20.0 lystrna_c + 5.0 mettrna_c + 9.0 phetrna_c + 12.0 protrna_c + 27.0 sertrna_c + 14.0 thrtrna_c + 2.0 trptrna_c + 6.0 tyrtrna_c + 22.0 valtrna_c --> RipAL_c + 1033.764 adp_c + 1033.764 h_c + 1033.764 pi_c + 26.0 trnaala_c + 25.0 trnaarg_c + 32.0 trnaasp_c + 2.0 trnacys_c + 12.0 trnagln_c + 14.0 trnaglu_c + 36.0 trnagly_c + 7.0 trnahis_c + 7.0 trnaile_c + 33.0 trnaleu_c + 20.0 trnalys_c + 5.0 trnamet_c + 9.0 trnaphe_c + 12.0 trnapro_c + 27.0 trnaser_c + 14.0 trnathr_c + 2.0 trnatrp_c + 6.0 trnatyr_c + 22.0 trnaval_c
DHQS,2dda7p_c --> 3dhq_c + pi_c
5DGLCNR,5dglcn_c + h_c + nadph_c <=> glcn_c + nadp_c
3HAD100,3hdecACP_c --> h2o_c + tdec2eACP_c
NIRP,h2o_c + nmn_c --> pi_c + rnam_c
2AGPA120tipp,2ddecg3p_p --> 2ddecg3p_c
OMPDC,h_c + orot5p_c --> co2_c + ump_c
DCAHSLACtex,dcahslac_e <=> dcahslac_p
UREAtex,urea_e <=> urea_p
EX_protein_Rsl2_e_,Rsl2_e --> Rsl2_b
ALAGLNtex,ala_L_gln_L_e <=> ala_L_gln_L_p
EX_ctbt_e_,ctbt_e <=> ctbt_b
METSOXR2,metsox_R_L_c + trdrd_c --> h2o_c + met_L_c + trdox_c
PHEtex,phe_L_e <=> phe_L_p
METSOXR1,metsox_S_L_c + trdrd_c --> h2o_c + met_L_c + trdox_c
MOAT,ckdo_c + lipidA_c --> cmp_c + h_c + kdolipid4_c
HG2tpc,hg2_p <=> hg2_c
PROT_Mel_BioS,49.0 alatrna_c + 28.0 argtrna_c + 19.0 asntrna_c + 26.0 asptrna_c + 1369.488 atp_c + 3.0 cystrna_c + 16.0 glntrna_c + 6.0 glutrna_c + 40.0 glytrna_c + 1369.488 h2o_c + 8.0 histrna_c + 14.0 iletrna_c + 35.0 leutrna_c + 6.0 lystrna_c + 7.0 mettrna_c + 19.0 phetrna_c + 38.0 protrna_c + 29.0 sertrna_c + 25.0 thrtrna_c + 8.0 trptrna_c + 9.0 tyrtrna_c + 27.0 valtrna_c --> Mel_c + 1369.488 adp_c + 1369.488 h_c + 1369.488 pi_c + 49.0 trnaala_c + 28.0 trnaarg_c + 45.0 trnaasp_c + 3.0 trnacys_c + 16.0 trnagln_c + 6.0 trnaglu_c + 40.0 trnagly_c + 8.0 trnahis_c + 14.0 trnaile_c + 35.0 trnaleu_c + 6.0 trnalys_c + 7.0 trnamet_c + 19.0 trnaphe_c + 38.0 trnapro_c + 29.0 trnaser_c + 25.0 trnathr_c + 8.0 trnatrp_c + 9.0 trnatyr_c + 27.0 trnaval_c
INS2D,inost_c + nad_c --> 2ins_c + h_c + nadh_c
EAR160x,h_c + nadh_c + tpalm2eACP_c --> nad_c + palmACP_c
UGLYCH,h2o_c + 2.0 h_c + urdglyc_c --> co2_c + glx_c + 2.0 nh4_c
3OAS60,butACP_c + h_c + malACP_c --> 3ohexACP_c + ACP_c + co2_c
TYRDOPOex,0.5 o2_e + tyr_L_e --> 34dhphe_e
EX_tsul_e_,tsul_e <=> tsul_b
PCW_bd_RSp0295_act,PCW_e + RSp0295_act_e --> PCW_RSp0295_act_e
EX_cellos_e_,cellos_e <=> cellos_b
L_LACD2,lac_L_c + q8_c --> pyr_c + q8h2_c
CITtpp,cit_p + 2.0 h_p --> cit_c + 2.0 h_c
PROT_RSp0295_BioS,56.0 alatrna_c + 22.0 argtrna_c + 70.0 asntrna_c + 52.0 asptrna_c + 2300.208 atp_c + 30.0 glntrna_c + 15.0 glutrna_c + 122.0 glytrna_c + 2300.208 h2o_c + 15.0 histrna_c + 32.0 iletrna_c + 39.0 leutrna_c + 4.0 lystrna_c + 5.0 mettrna_c + 15.0 phetrna_c + 12.0 protrna_c + 50.0 sertrna_c + 60.0 thrtrna_c + 7.0 trptrna_c + 18.0 tyrtrna_c + 68.0 valtrna_c --> RSp0295_c + 2300.208 adp_c + 2300.208 h_c + 2300.208 pi_c + 56.0 trnaala_c + 22.0 trnaarg_c + 122.0 trnaasp_c + 30.0 trnagln_c + 15.0 trnaglu_c + 122.0 trnagly_c + 15.0 trnahis_c + 32.0 trnaile_c + 39.0 trnaleu_c + 4.0 trnalys_c + 5.0 trnamet_c + 15.0 trnaphe_c + 12.0 trnapro_c + 50.0 trnaser_c + 60.0 trnathr_c + 7.0 trnatrp_c + 18.0 trnatyr_c + 68.0 trnaval_c
MNtex,mn2_e <=> mn2_p
DM_4HBA,4hba_c --> 4hba_b
AKGtex,akg_e <=> akg_p
SEAHCYSHYD,h2o_c + seahcys_c --> adn_c + selhcys_c
NORcytc,2.0 focytc_c + 2.0 h_p + 2.0 no_p --> 2.0 ficytc_c + h2o_p + n2o_p
GLYC2Pabcpp,atp_c + glyc2p_p + h2o_c --> adp_c + glyc2p_c + h_c + pi_c
PROT_Rsl2_BioS,11.0 alatrna_c + 12.0 asntrna_c + 7.0 asptrna_c + 378.936 atp_c + 7.0 glntrna_c + glutrna_c + 12.0 glytrna_c + 378.936 h2o_c + 5.0 iletrna_c + 10.0 leutrna_c + 5.0 lystrna_c + 2.0 mettrna_c + 5.0 phetrna_c + 3.0 protrna_c + 10.0 sertrna_c + 10.0 thrtrna_c + trptrna_c + tyrtrna_c + 12.0 valtrna_c --> Rsl2_c + 378.936 adp_c + 378.936 h_c + 378.936 pi_c + 11.0 trnaala_c + 19.0 trnaasp_c + 7.0 trnagln_c + trnaglu_c + 12.0 trnagly_c + 5.0 trnaile_c + 10.0 trnaleu_c + 5.0 trnalys_c + 2.0 trnamet_c + 5.0 trnaphe_c + 3.0 trnapro_c + 10.0 trnaser_c + 10.0 trnathr_c + trnatrp_c + trnatyr_c + 12.0 trnaval_c
PPA2,h2o_c + pppi_c --> h_c + pi_c + ppi_c
ALDD3y,h2o_c + nadp_c + ppal_c --> 2.0 h_c + nadph_c + ppa_c
DMATT,dmpp_c + ipdp_c --> grdp_c + ppi_c
PPGPPDP,h2o_c + ppgpp_c --> gdp_c + ppi_c
EX_T3SS_E_RipA3_e_,RipA3_e <=> RipA3_b
CRO4tpc,cro4_p <=> cro4_c
EAR161x,h_c + nadh_c + t3c9palmeACP_c --> hdeACP_c + nad_c
EX_g3pg_e_,g3pg_e <=> g3pg_b
EX_quin_kt_e_,quin_kt_e <=> quin_kt_b
CYNTAH,cynt_c + 3.0 h_c + hco3_c --> 2.0 co2_c + nh4_c
PROT_RSc1775_BioS,468.0 alatrna_c + 117.0 argtrna_c + 240.0 asntrna_c + 171.0 asptrna_c + 10520.46 atp_c + 5.0 cystrna_c + 176.0 glntrna_c + 59.0 glutrna_c + 441.0 glytrna_c + 10520.46 h2o_c + 47.0 histrna_c + 127.0 iletrna_c + 192.0 leutrna_c + 70.0 lystrna_c + 41.0 mettrna_c + 49.0 phetrna_c + 71.0 protrna_c + 253.0 sertrna_c + 308.0 thrtrna_c + 23.0 trptrna_c + 46.0 tyrtrna_c + 261.0 valtrna_c --> RSc1775_c + 10520.46 adp_c + 10520.46 h_c + 10520.46 pi_c + 468.0 trnaala_c + 117.0 trnaarg_c + 411.0 trnaasp_c + 5.0 trnacys_c + 176.0 trnagln_c + 59.0 trnaglu_c + 441.0 trnagly_c + 47.0 trnahis_c + 127.0 trnaile_c + 192.0 trnaleu_c + 70.0 trnalys_c + 41.0 trnamet_c + 49.0 trnaphe_c + 71.0 trnapro_c + 253.0 trnaser_c + 308.0 trnathr_c + 23.0 trnatrp_c + 46.0 trnatyr_c + 261.0 trnaval_c
EX_ptrc_e_,ptrc_e <=> ptrc_b
GLYCAtex,glyc_R_e <=> glyc_R_p
HIBDkt,3hmp_c + nad_c <=> h_c + mmtsa_c + nadh_c
EX_T3SS_E_RipAI_e_,RipAI_e <=> RipAI_b
LPLIPAL1G180pp,1agpg180_p + h2o_p --> g3pg_p + h_p + ocdca_p
MCTP1App,murein5p5p_p --> ala_D_p + murein5px4p_p
PPLDc180,h2o_e + pc180_e --> chol_e + h_c + pa180_e
PPLDc181,h2o_e + pc181_e --> chol_e + h_c + pa181_e
DHDPRy,23dhdp_c + h_c + nadph_c --> nadp_c + thdp_c
GPDDA5,g3pi_c + h2o_c --> glyc3p_c + h_c + inost_c
TYRt2rpp,h_p + tyr_L_p <=> h_c + tyr_L_c
HISTP,h2o_c + hisp_c --> histd_c + pi_c
SUCD1,fad_c + succ_c <=> fadh2_c + fum_c
GPDDA4,g3pg_c + h2o_c --> glyc3p_c + glyc_c + h_c
ALDD4x,h2o_c + mmtsa_c + nad_c --> 2.0 h_c + mmal_c + nadh_c
GPDDA3,g3ps_c + h2o_c --> glyc3p_c + h_c + ser_L_c
GPDDA2,g3pe_c + h2o_c --> etha_c + glyc3p_c + h_c
GPDDA1,g3pc_c + h2o_c --> chol_c + glyc3p_c + h_c
DM_2feooh,2feooh_c --> 2feooh_b
ALPATE160pp,alpp_p + pe160_p --> 2agpe160_p + lpp_p
FMETDFpept,fmet_pept_c + h2o_c --> for_c + h_c + met_L_yl_pept_c
GARFT,10fthf_c + gar_c <=> fgam_c + h_c + thf_c
3OAS80,h_c + hexACP_c + malACP_c --> 3ooctACP_c + ACP_c + co2_c
H2Otex,h2o_e <=> h2o_p
PROT_cp_Rsl_S,Rsl_c + 91.0 atp_c + 91.0 h2o_c --> Rsl_p + 91.0 adp_c + 91.0 h_c + 91.0 pi_c
2AGPE161tipp,2agpe161_p --> 2agpe161_c
GLNGLYabcpp,atp_c + gln_L_gly_p + h2o_c --> adp_c + gln_L_gly_c + h_c + pi_c
LYStex,lys_L_e <=> lys_L_p
HISTD,h2o_c + histd_c + 2.0 nad_c --> 3.0 h_c + his_L_c + 2.0 nadh_c
EX_T3SS_E_RipH2_e_,RipH2_e <=> RipH2_b
OROTtex,orot_e <=> orot_p
ADCPS2,adcobhex_c + applp_c + atp_c --> adocbip_c + adp_c + h_c + pi_c
SUCDi,q8_c + succ_c --> fum_c + q8h2_c
Seltex,sel_e <=> sel_p
ATPS4rpp,adp_c + 4.0 h_p + pi_c --> atp_c + h2o_c + 3.0 h_c
CITR_Ltex,citr_L_e <=> citr_L_p
PIt2rpp,h_p + pi_p <=> h_c + pi_c
T3SS_E_RipG1_S,RipG1_c + 661.0 atp_c + 661.0 h2o_c --> RipG1_e + 661.0 adp_c + 661.0 h_c + 661.0 pi_c
12GLUCANS2,12glucan_C13_c --> glucan_c + h2o_c
12GLUCANS1,13.0 adpglc_c --> 12glucan_C13_c + 13.0 adp_c + 13.0 h_c
12GLUCANS4,ac12glucan_C13_c --> acglucan_c + h2o_c
12GLUCANS3,accoa_c + 13.0 adpglc_c --> ac12glucan_C13_c + 13.0 adp_c + coa_c + 13.0 h_c
EX_L_dpchrm_e_,L_dpchrm_e <=> L_dpchrm_b
ALDD31,aacald_c + h2o_c + nad_c --> gly_c + 2.0 h_c + nadh_c
XANt2pp,h_p + xan_p <=> h_c + xan_c
CPPPGO2,2.0 amet_c + cpppg3_c --> 2.0 co2_c + 2.0 dad_5_c + 2.0 met_L_c + pppg9_c
ACGLUtex,acglu_e <=> acglu_p
PROT_pe_RSc0887_S,RSc0887_p + 3501.0 atp_c + 3501.0 h2o_c --> RSc0887_e + 3501.0 adp_c + 3501.0 h_c + 3501.0 pi_c
EX_asp_L_ala_L_e_,asp_L_ala_L_e <=> asp_L_ala_L_b
ID3ACALDtpp,id3acald_c <=> id3acald_p
EX_pc181_e_,pc181_e <=> pc181_b
T3SS_E_RipS4_S,RipS4_c + 2570.0 atp_c + 2570.0 h2o_c --> RipS4_e + 2570.0 adp_c + 2570.0 h_c + 2570.0 pi_c
PROT_RSp1071_BioS,101.0 alatrna_c + 22.0 argtrna_c + 39.0 asntrna_c + 54.0 asptrna_c + 2818.752 atp_c + 2.0 cystrna_c + 43.0 glntrna_c + 34.0 glutrna_c + 117.0 glytrna_c + 2818.752 h2o_c + 9.0 histrna_c + 33.0 iletrna_c + 62.0 leutrna_c + 58.0 lystrna_c + 13.0 mettrna_c + 21.0 phetrna_c + 19.0 protrna_c + 82.0 sertrna_c + 58.0 thrtrna_c + 9.0 trptrna_c + 11.0 tyrtrna_c + 61.0 valtrna_c --> RSp1071_c + 2818.752 adp_c + 2818.752 h_c + 2818.752 pi_c + 101.0 trnaala_c + 22.0 trnaarg_c + 93.0 trnaasp_c + 2.0 trnacys_c + 43.0 trnagln_c + 34.0 trnaglu_c + 117.0 trnagly_c + 9.0 trnahis_c + 33.0 trnaile_c + 62.0 trnaleu_c + 58.0 trnalys_c + 13.0 trnamet_c + 21.0 trnaphe_c + 19.0 trnapro_c + 82.0 trnaser_c + 58.0 trnathr_c + 9.0 trnatrp_c + 11.0 trnatyr_c + 61.0 trnaval_c
XTSNt2pp,h_p + xtsn_p <=> h_c + xtsn_c
EX_pa160_e_,pa160_e <=> pa160_b
EX_gly_gln_L_e_,gly_gln_L_e <=> gly_gln_L_b
EX_protein_RSp0295_e_,RSp0295_e --> RSp0295_b
PGMT,g1p_c <=> g6p_c
PCW_bd_RSc0249_act,PCW_e + RSc0249_act_e --> PCW_RSc0249_act_e
T3SS_E_RipAZ1_S,RipAZ1_c + 277.0 atp_c + 277.0 h2o_c --> RipAZ1_e + 277.0 adp_c + 277.0 h_c + 277.0 pi_c
FORtex,for_e <=> for_p
ACS2,atp_c + coa_c + ppa_c --> amp_c + ppcoa_c + ppi_c
EX_T3SS_E_RipAT_e_,RipAT_e <=> RipAT_b
D_LACt2pp,h_p + lac_D_p <=> h_c + lac_D_c
PROT_cp_CbhA_S,CbhA_c + 110.0 atp_c + 110.0 h2o_c --> CbhA_p + 110.0 adp_c + 110.0 h_c + 110.0 pi_c
EX_h_e_,h_e <=> h_b
CHTBStex,chtbs_e <=> chtbs_p
TDPDRE,dtdp4d6dg_c --> dtdp4d6dm_c
EX_ethso3_e_,ethso3_e <=> ethso3_b
ADNCYC,atp_c --> camp_c + ppi_c
T3SS_E_RipAI_S,RipAI_c + 160.0 atp_c + 160.0 h2o_c --> RipAI_e + 160.0 adp_c + 160.0 h_c + 160.0 pi_c
ACODA,acorn_c + h2o_c --> ac_c + orn_c
PPLDc160,h2o_e + pc160_e --> chol_e + h_c + pa160_e
ALDD2y,acald_c + h2o_c + nadp_c --> ac_c + 2.0 h_c + nadph_c
PPLDc161,h2o_e + pc161_e --> chol_e + h_c + pa161_e
FACOAL160t2pp,atp_c + coa_c + h_p + hdca_p --> amp_c + h_c + pmtcoa_c + ppi_c
G6PDH2r,g6p_c + nadp_c <=> 6pgl_c + h_c + nadph_c
TDPDRR,dtdp4d6dm_c + h_c + nadph_c --> dtdprmn_c + nadp_c
THMt2pp,h_p + thm_p <=> h_c + thm_c
MLTGY1pp,murein4p4p_p --> 2.0 anhgm4p_p
EX_T3SS_E_RipAB_e_,RipAB_e <=> RipAB_b
PItex,pi_e <=> pi_p
PHEODC,o2_e + phe_L_e --> co2_e + h2o_e + pad_e
URIH,h2o_c + uri_c --> rib_D_c + ura_c
PCW_bd_RSc0102_act,PCW_e + RSc0102_act_e --> PCW_RSc0102_act_e
EX_chtn_e_,chtn_e <=> chtn_b
UM3PL,LalaDgluMdap_c + atp_c + uamr_c --> adp_c + h_c + pi_c + ugmd_c
URIC,2.0 h2o_c + o2_c + urate_c --> alltn_c + co2_c + h2o2_c
CU2abcpp,atp_c + cu2_c + h2o_c --> adp_c + cu2_p + h_c + pi_c
HG2abcpp,atp_c + h2o_c + hg2_c --> adp_c + h_c + hg2_b + pi_c
EX_T3SS_E_RipO1_e_,RipO1_e <=> RipO1_b
PROT_cp_RSp1071_S,RSp1071_c + 848.0 atp_c + 848.0 h2o_c --> RSp1071_p + 848.0 adp_c + 848.0 h_c + 848.0 pi_c
EX_asp_L_glu_L_e_,asp_L_glu_L_e <=> asp_L_glu_L_b
NNDPR,2.0 h_c + prpp_c + quln_c --> co2_c + nicrnt_c + ppi_c
H2O2tex,h2o2_e <=> h2o2_p
SHK3Dr,3dhsk_c + h_c + nadph_c <=> nadp_c + skm_c
ACGK,acglu_c + atp_c --> acg5p_c + adp_c
EX_23cgmp_e_,23cgmp_e <=> 23cgmp_b
ACtex,ac_e <=> ac_p
FKYNH,Lfmkynr_c + h2o_c --> Lkynr_c + for_c + h_c
MNt2pp,h_p + mn2_p --> h_c + mn2_c
ACGS,accoa_c + glu_L_c --> acglu_c + coa_c + h_c
T3SS_E_RipA5_BioS,194.0 alatrna_c + 100.0 argtrna_c + 34.0 asntrna_c + 67.0 asptrna_c + 4121.76 atp_c + 5.0 cystrna_c + 59.0 glntrna_c + 59.0 glutrna_c + 106.0 glytrna_c + 4121.76 h2o_c + 33.0 histrna_c + 33.0 iletrna_c + 99.0 leutrna_c + 47.0 lystrna_c + 33.0 mettrna_c + 39.0 phetrna_c + 67.0 protrna_c + 86.0 sertrna_c + 87.0 thrtrna_c + 10.0 trptrna_c + 14.0 tyrtrna_c + 68.0 valtrna_c --> RipA5_c + 4121.76 adp_c + 4121.76 h_c + 4121.76 pi_c + 194.0 trnaala_c + 100.0 trnaarg_c + 101.0 trnaasp_c + 5.0 trnacys_c + 59.0 trnagln_c + 59.0 trnaglu_c + 106.0 trnagly_c + 33.0 trnahis_c + 33.0 trnaile_c + 99.0 trnaleu_c + 47.0 trnalys_c + 33.0 trnamet_c + 39.0 trnaphe_c + 67.0 trnapro_c + 86.0 trnaser_c + 87.0 trnathr_c + 10.0 trnatrp_c + 14.0 trnatyr_c + 68.0 trnaval_c
GHMT2r_glu,ser_L_c + thfglu_c <=> gly_c + h2o_c + mlthfglu_c
PROT_cp_Rsl2_S,Rsl2_c + 114.0 atp_c + 114.0 h2o_c --> Rsl2_p + 114.0 adp_c + 114.0 h_c + 114.0 pi_c
MG2tex,mg2_e <=> mg2_p
PA141abcpp,atp_c + h2o_c + pa141_c --> adp_c + h_c + pa141_p + pi_c
UREAtpp,urea_p <=> urea_c
UDCPDP,h2o_c + udcpdp_c --> h_c + pi_c + udcpp_c
EX_T3SS_E_RipAM_e_,RipAM_e <=> RipAM_b
AGPR,acg5sa_c + nadp_c + pi_c <=> acg5p_c + h_c + nadph_c
ACRCSYN1,acrylade_c + coa_c <=> amp_c + h_c + prpncoa_c
EX_pa180_e_,pa180_e <=> pa180_b
ACRCSYN2,acryl_c + atp_c + h_c <=> acrylade_c + ppi_c
CBLAT,atp_c + cbl1_c + h_c <=> adocbl_c + pppi_c
FMNRx,fmn_c + h_c + nadh_c --> fmnh2_c + nad_c
PROT_cp_RSp1467_S,RSp1467_c + 109.0 atp_c + 109.0 h2o_c --> RSp1467_p + 109.0 adp_c + 109.0 h_c + 109.0 pi_c
A5PISO,ru5p_D_c <=> ara5p_c
LPLIPAL1G140pp,1agpg140_p + h2o_p --> g3pg_p + h_p + ttdca_p
EX_T3SS_E_RipM_e_,RipM_e <=> RipM_b
T3SS_E_RipW_S,RipW_c + 380.0 atp_c + 380.0 h2o_c --> RipW_e + 380.0 adp_c + 380.0 h_c + 380.0 pi_c
MBCOA,3mbcoa_c + fad_c --> 3mb2coa_c + fadh2_c
ECOAH2,3hhcoa_c <=> h2o_c + hx2coa_c
I2FE2SS2,fadh2_c + 2.0 fe2_c + 2.0 iscssh_c + iscu_DASH_2fe2s_c --> fad_c + 6.0 h_c + 2.0 iscs_c + iscu_DASH_2fe2s2_c
ASPGLUabcpp,asp_L_glu_L_p + atp_c + h2o_c --> adp_c + asp_L_glu_L_c + h_c + pi_c
ECOAH1,3hbcoa_c <=> b2coa_c + h2o_c
EX_protein_RSc0246_act_e_,RSc0246_act_e --> RSc0246_act_b
AGMH,anhgm_c + h2o_c --> acgam_c + anhm_c
ECOAH6,3htdcoa_c <=> h2o_c + td2coa_c
ECOAH5,3hddcoa_c <=> dd2coa_c + h2o_c
ECOAH4,3hdcoa_c <=> dc2coa_c + h2o_c
ECOAH3,3hocoa_c <=> h2o_c + oc2coa_c
NAt3pp,h_p + na1_c --> h_c + na1_p
3HAD181,3hcvac11eACP_c --> h2o_c + t3c11vaceACP_c
3HAD180,3hoctaACP_c --> h2o_c + toctd2eACP_c
ECOAH8,3hodcoa_c <=> h2o_c + od2coa_c
PE161abcpp,atp_c + h2o_c + pe161_c --> adp_c + h_c + pe161_p + pi_c
EX_T3SS_E_RipX_e_,RipX_e <=> RipX_b
ECOAH7,3hhdcoa_c <=> h2o_c + hdd2coa_c
EX_PCW_RSp1180_e_,PCW_RSp1180_act_pili_e --> PCW_RSp1180_act_pili_b
TYRDOPO3ex,34dhphe_e + 0.5 o2_e --> dopaqn_e + h2o_e
SERtex,ser_L_e <=> ser_L_p
EX_pnto_R_e_,pnto_R_e <=> pnto_R_b
EX_protein_RSp1620_e_,RSp1620_e --> RSp1620_b
PROT_C_Tek2,Tek2_p + h2o_p --> Tek2_28kd_e
DHFR,dhf_c + h_c + nadph_c <=> nadp_c + thf_c
DHFS,atp_c + dhpt_c + glu_L_c --> adp_c + dhf_c + h_c + pi_c
BIOFILM_PGA,PS_PGA_e --> PS_PGA_b
TRPODC,o2_e + trp_L_e --> co2_e + h2o_e + iad_e
CRO4tex,cro4_e <=> cro4_p
AGMT,agm_c + h2o_c --> ptrc_c + urea_c
T3SS_E_RipG5_BioS,91.0 alatrna_c + 42.0 argtrna_c + 34.0 asntrna_c + 28.0 asptrna_c + 1788.312 atp_c + 5.0 cystrna_c + 14.0 glntrna_c + 16.0 glutrna_c + 50.0 glytrna_c + 1788.312 h2o_c + 7.0 histrna_c + 20.0 iletrna_c + 78.0 leutrna_c + 14.0 lystrna_c + 5.0 mettrna_c + 2.0 phetrna_c + 23.0 protrna_c + 38.0 sertrna_c + 39.0 thrtrna_c + 3.0 trptrna_c + 2.0 tyrtrna_c + 27.0 valtrna_c --> RipG5_c + 1788.312 adp_c + 1788.312 h_c + 1788.312 pi_c + 91.0 trnaala_c + 42.0 trnaarg_c + 62.0 trnaasp_c + 5.0 trnacys_c + 14.0 trnagln_c + 16.0 trnaglu_c + 50.0 trnagly_c + 7.0 trnahis_c + 20.0 trnaile_c + 78.0 trnaleu_c + 14.0 trnalys_c + 5.0 trnamet_c + 2.0 trnaphe_c + 23.0 trnapro_c + 38.0 trnaser_c + 39.0 trnathr_c + 3.0 trnatrp_c + 2.0 trnatyr_c + 27.0 trnaval_c
GLCabcpp,atp_c + glc_D_p + h2o_c --> adp_c + glc_D_c + h_c + pi_c
AMPMS2,air_c + h2o_c + nad_c --> 4ampm_c + 2.0 for_c + 3.0 h_c + nadh_c
MSAR,h_c + msa_c + nadph_c --> 3hpp_c + nadp_c
MDDCP3pp,h2o_p + murein5p5p_p --> ala_D_p + murein5p4p_p
Slnttex,selt_e <=> selt_p
Kt2pp,h_p + k_p --> h_c + k_c
DNAd_ohr,DNA_c + ohr_c --> DNAm_c + h2o_c
METSOXR2pept,metsox_R_L_pept_c + trdrd_c --> h2o_c + met_L_pept_c + trdox_c
EX_T3SS_E_RipB_e_,RipB_e <=> RipB_b
PROT_cp_PehC_S,PehC_c + 680.0 atp_c + 680.0 h2o_c --> PehC_p + 680.0 adp_c + 680.0 h_c + 680.0 pi_c
EX_cl_e_,cl_e <=> cl_b
EX_glyclt_e_,glyclt_e <=> glyclt_b
CD2t4pp,cd2_c + h_p + k_p --> cd2_b + h_c + k_c
T6SS_E_RSc3220_S,RSc3220_c + 509.0 atp_c + 509.0 h2o_c --> RSc3220_e + 509.0 adp_c + 509.0 h_c + 509.0 pi_c
CYTBO3_4pp,4.0 h_c + 0.5 o2_c + q8h2_c --> h2o_c + 4.0 h_p + q8_c
EX_galur_e_,galur_e <=> galur_b
EAR120x,h_c + nadh_c + tddec2eACP_c --> ddcaACP_c + nad_c
GPDDA4pp,g3pg_p + h2o_p --> glyc3p_p + glyc_p + h_p
FEOXpp,fe2_p + ficytc_c --> fe3_p + focytc_c
MTHPTGHMr,5mthfglu_c + hcys_L_c --> h_c + met_L_c + thfglu_c
T3SS_E_RipAT_BioS,96.0 alatrna_c + 32.0 argtrna_c + 6.0 asntrna_c + 30.0 asptrna_c + 1532.364 atp_c + 4.0 cystrna_c + 20.0 glntrna_c + 23.0 glutrna_c + 31.0 glytrna_c + 1532.364 h2o_c + 20.0 histrna_c + 13.0 iletrna_c + 43.0 leutrna_c + 7.0 lystrna_c + 12.0 mettrna_c + 8.0 phetrna_c + 34.0 protrna_c + 18.0 sertrna_c + 24.0 thrtrna_c + 5.0 trptrna_c + 6.0 tyrtrna_c + 29.0 valtrna_c --> RipAT_c + 1532.364 adp_c + 1532.364 h_c + 1532.364 pi_c + 96.0 trnaala_c + 32.0 trnaarg_c + 36.0 trnaasp_c + 4.0 trnacys_c + 20.0 trnagln_c + 23.0 trnaglu_c + 31.0 trnagly_c + 20.0 trnahis_c + 13.0 trnaile_c + 43.0 trnaleu_c + 7.0 trnalys_c + 12.0 trnamet_c + 8.0 trnaphe_c + 34.0 trnapro_c + 18.0 trnaser_c + 24.0 trnathr_c + 5.0 trnatrp_c + 6.0 trnatyr_c + 29.0 trnaval_c
dextrin_DEC_e_,dextrin_e <=> 14aglucan_e + 16aglucan_e
LPLIPAL1E181pp,1agpe181_p + h2o_p --> g3pe_p + h_p + ocdcea_p
EX_T3SS_E_RipG4_e_,RipG4_e <=> RipG4_b
GLCGSD_2,14aglucan_c + 11.0 h2o_c --> 12.0 glc_D_c
FE2t2pp,fe2_p + h_p --> fe2_c + h_c
EX_PCW_L_Fucose_e_,PCW_L_Fucose_e <=> PCW_L_Fucose_b
KDOO,akg_c + kdolipid4_c + o2_c --> co2_c + kolipid4_c + succ_c
3HAD161,3hcpalm9eACP_c --> h2o_c + t3c9palmeACP_c
3HAD160,3hpalmACP_c --> h2o_c + tpalm2eACP_c
COBALT2t4pp,cobalt2_c + h_p + k_p --> cobalt2_p + h_c + k_c
EX_protein_RSc0104_e_,RSc0104_e --> RSc0104_b
GALCTNtex,galctn_D_e <=> galctn_D_p
ISETACabcpp,atp_c + h2o_c + isetac_p --> adp_c + h_c + isetac_c + pi_c
ALHD16,h2o_c + nad_c + ppyal_c --> 2.0 h_c + nadh_c + ppya_c
PROT_C_Tek,Tek_p + h2o_p --> Tek_28kd_e
EX_lac_D_e_,lac_D_e <=> lac_D_b
BROMOSUCCt_2pp,bromosucc_p + 2.0 h_p --> bromosucc_c + 2.0 h_c
T3SS_E_RipU2_S,RipU2_c + 296.0 atp_c + 296.0 h2o_c --> RipU2_e + 296.0 adp_c + 296.0 h_c + 296.0 pi_c
TTRCYCtpp,h_p + ttrcyc_p --> h_c + ttrcyc_b
EAR121x,h_c + nadh_c + t3c5ddeceACP_c --> cddec5eACP_c + nad_c
PROT_RSc3222_BioS,62.0 alatrna_c + 69.0 argtrna_c + 12.0 asntrna_c + 30.0 asptrna_c + 1818.228 atp_c + 14.0 cystrna_c + 32.0 glntrna_c + 23.0 glutrna_c + 38.0 glytrna_c + 1818.228 h2o_c + 15.0 histrna_c + 14.0 iletrna_c + 38.0 leutrna_c + 9.0 lystrna_c + 13.0 mettrna_c + 15.0 phetrna_c + 44.0 protrna_c + 41.0 sertrna_c + 26.0 thrtrna_c + 8.0 trptrna_c + 11.0 tyrtrna_c + 33.0 valtrna_c --> RSc3222_c + 1818.228 adp_c + 1818.228 h_c + 1818.228 pi_c + 62.0 trnaala_c + 69.0 trnaarg_c + 42.0 trnaasp_c + 14.0 trnacys_c + 32.0 trnagln_c + 23.0 trnaglu_c + 38.0 trnagly_c + 15.0 trnahis_c + 14.0 trnaile_c + 38.0 trnaleu_c + 9.0 trnalys_c + 13.0 trnamet_c + 15.0 trnaphe_c + 44.0 trnapro_c + 41.0 trnaser_c + 26.0 trnathr_c + 8.0 trnatrp_c + 11.0 trnatyr_c + 33.0 trnaval_c
T3SS_E_RipD_BioS,80.0 alatrna_c + 24.0 argtrna_c + 26.0 asntrna_c + 25.0 asptrna_c + 2137.332 atp_c + cystrna_c + 28.0 glntrna_c + 33.0 glutrna_c + 45.0 glytrna_c + 2137.332 h2o_c + 11.0 histrna_c + 32.0 iletrna_c + 76.0 leutrna_c + 34.0 lystrna_c + 18.0 mettrna_c + 8.0 phetrna_c + 51.0 protrna_c + 61.0 sertrna_c + 38.0 thrtrna_c + 3.0 trptrna_c + 11.0 tyrtrna_c + 38.0 valtrna_c --> RipD_c + 2137.332 adp_c + 2137.332 h_c + 2137.332 pi_c + 80.0 trnaala_c + 24.0 trnaarg_c + 51.0 trnaasp_c + trnacys_c + 28.0 trnagln_c + 33.0 trnaglu_c + 45.0 trnagly_c + 11.0 trnahis_c + 32.0 trnaile_c + 76.0 trnaleu_c + 34.0 trnalys_c + 18.0 trnamet_c + 8.0 trnaphe_c + 51.0 trnapro_c + 61.0 trnaser_c + 38.0 trnathr_c + 3.0 trnatrp_c + 11.0 trnatyr_c + 38.0 trnaval_c
CATpp,2.0 h2o2_p --> 2.0 h2o_p + o2_p
EX_pyr_e_,pyr_e <=> pyr_b
EX_PCW_RSc0104_act_e_,PCW_RSc0104_act_e --> PCW_RSc0104_act_b
T3SS_E_RipAV_S,RipAV_c + 830.0 atp_c + 830.0 h2o_c --> RipAV_e + 830.0 adp_c + 830.0 h_c + 830.0 pi_c
NDPK4,atp_c + dtdp_c --> adp_c + dttp_c
EX_hphead_e_,hphead_e <=> hphead_b
ACLS,h_c + 2.0 pyr_c --> alac_S_c + co2_c
NDPK5,atp_c + dgdp_c --> adp_c + dgtp_c
PHETHPTOX2,o2_c + phe_L_c + thbpt_c --> thbpt4acam_c + tyr_L_c
NDPK2,atp_c + udp_c --> adp_c + utp_c
AGMt2pp,anhgm_p + h_p --> anhgm_c + h_c
NDPK3,atp_c + cdp_c --> adp_c + ctp_c
NDPK1,atp_c + gdp_c --> adp_c + gtp_c
NDPK8,atp_c + dadp_c --> adp_c + datp_c
NDPK9,atp_c + idp_c --> adp_c + itp_c
NDPK6,atp_c + dudp_c --> adp_c + dutp_c
IMACTD,h2o_c + im4act_c + nad_c --> 2.0 h_c + im4ac_c + nadh_c
NDPK7,atp_c + dcdp_c --> adp_c + dctp_c
HACD7,3ohdcoa_c + h_c + nadh_c <=> 3hhdcoa_c + nad_c
MALt2_2pp,2.0 h_p + mal_L_p --> 2.0 h_c + mal_L_c
3HAD141,3hcmrs7eACP_c --> h2o_c + t3c7mrseACP_c
3HAD140,3hmrsACP_c --> h2o_c + tmrs2eACP_c
SKMt2pp,h_p + skm_p --> h_c + skm_c
PROT_RSc0246_BioS,99.0 alatrna_c + 40.0 argtrna_c + 85.0 asntrna_c + 165.0 asptrna_c + 3842.544 atp_c + cystrna_c + 30.0 glntrna_c + 24.0 glutrna_c + 186.0 glytrna_c + 3842.544 h2o_c + 2.0 histrna_c + 47.0 iletrna_c + 84.0 leutrna_c + 15.0 lystrna_c + 2.0 mettrna_c + 30.0 phetrna_c + 11.0 protrna_c + 92.0 sertrna_c + 90.0 thrtrna_c + 15.0 trptrna_c + 74.0 tyrtrna_c + 64.0 valtrna_c --> RSc0246_c + 3842.544 adp_c + 3842.544 h_c + 3842.544 pi_c + 99.0 trnaala_c + 40.0 trnaarg_c + 250.0 trnaasp_c + trnacys_c + 30.0 trnagln_c + 24.0 trnaglu_c + 186.0 trnagly_c + 2.0 trnahis_c + 47.0 trnaile_c + 84.0 trnaleu_c + 15.0 trnalys_c + 2.0 trnamet_c + 30.0 trnaphe_c + 11.0 trnapro_c + 92.0 trnaser_c + 90.0 trnathr_c + 15.0 trnatrp_c + 74.0 trnatyr_c + 64.0 trnaval_c
EX_xan_e_,xan_e <=> xan_b
T3SS_E_RipA4_S,RipA4_c + 1330.0 atp_c + 1330.0 h2o_c --> RipA4_e + 1330.0 adp_c + 1330.0 h_c + 1330.0 pi_c
GTHPe,2.0 gthrd_e + h2o2_e --> gthox_e + 2.0 h2o_e
AHCYSNS,ahcys_c + h2o_c --> ade_c + rhcys_c
EX_gnid_e_,gnid_e <=> gnid_b
EX_protein_RSp1071_e_,RSp1071_e --> RSp1071_b
CITRabcpp,atp_c + citr_L_p + h2o_c --> adp_c + citr_L_c + h_c + pi_c
5OXPROt2pp,5oxpro_p + h_p --> 5oxpro_c + h_c
GLYBt2pp,glyb_p + h_p <=> glyb_c + h_c
NO3trpp,h_p + no3_p <=> h_c + no3_c
EX_glyc3p_e_,glyc3p_e <=> glyc3p_b
T3SS_E_RipH3_BioS,98.0 alatrna_c + 70.0 argtrna_c + 10.0 asntrna_c + 53.0 asptrna_c + 2360.04 atp_c + 5.0 cystrna_c + 36.0 glntrna_c + 41.0 glutrna_c + 47.0 glytrna_c + 2360.04 h2o_c + 13.0 histrna_c + 20.0 iletrna_c + 71.0 leutrna_c + 29.0 lystrna_c + 20.0 mettrna_c + 8.0 phetrna_c + 57.0 protrna_c + 33.0 sertrna_c + 27.0 thrtrna_c + 13.0 trptrna_c + 6.0 tyrtrna_c + 53.0 valtrna_c --> RipH3_c + 2360.04 adp_c + 2360.04 h_c + 2360.04 pi_c + 98.0 trnaala_c + 70.0 trnaarg_c + 63.0 trnaasp_c + 5.0 trnacys_c + 36.0 trnagln_c + 41.0 trnaglu_c + 47.0 trnagly_c + 13.0 trnahis_c + 20.0 trnaile_c + 71.0 trnaleu_c + 29.0 trnalys_c + 20.0 trnamet_c + 8.0 trnaphe_c + 57.0 trnapro_c + 33.0 trnaser_c + 27.0 trnathr_c + 13.0 trnatrp_c + 6.0 trnatyr_c + 53.0 trnaval_c
HACD1,aacoa_c + h_c + nadh_c <=> 3hbcoa_c + nad_c
PDX5PS,dxyl5p_c + nad_c + phthr_c --> co2_c + 2.0 h2o_c + h_c + nadh_c + pdx5p_c + pi_c
HACD2,3ohcoa_c + h_c + nadh_c <=> 3hhcoa_c + nad_c
HACD3,3oocoa_c + h_c + nadh_c <=> 3hocoa_c + nad_c
PSERTr,3php_c + glu_L_c <=> akg_c + pser_L_c
HACD4,3odcoa_c + h_c + nadh_c <=> 3hdcoa_c + nad_c
HACD5,3oddcoa_c + h_c + nadh_c <=> 3hddcoa_c + nad_c
HACD6,3otdcoa_c + h_c + nadh_c <=> 3htdcoa_c + nad_c
CTBTt2rpp,ctbt_p + h_p <=> ctbt_c + h_c
SPMS,ametam_c + ptrc_c --> 5mta_c + h_c + spmd_c
PROT_RSc1944_BioS,89.0 alatrna_c + 69.0 argtrna_c + 33.0 asntrna_c + 54.0 asptrna_c + 2875.26 atp_c + 2.0 cystrna_c + 48.0 glntrna_c + 46.0 glutrna_c + 95.0 glytrna_c + 2875.26 h2o_c + 37.0 histrna_c + 32.0 iletrna_c + 69.0 leutrna_c + 22.0 lystrna_c + 15.0 mettrna_c + 26.0 phetrna_c + 46.0 protrna_c + 49.0 sertrna_c + 39.0 thrtrna_c + 15.0 trptrna_c + 16.0 tyrtrna_c + 63.0 valtrna_c --> RSc1944_c + 2875.26 adp_c + 2875.26 h_c + 2875.26 pi_c + 89.0 trnaala_c + 69.0 trnaarg_c + 87.0 trnaasp_c + 2.0 trnacys_c + 48.0 trnagln_c + 46.0 trnaglu_c + 95.0 trnagly_c + 37.0 trnahis_c + 32.0 trnaile_c + 69.0 trnaleu_c + 22.0 trnalys_c + 15.0 trnamet_c + 26.0 trnaphe_c + 46.0 trnapro_c + 49.0 trnaser_c + 39.0 trnathr_c + 15.0 trnatrp_c + 16.0 trnatyr_c + 63.0 trnaval_c
CTPS1,atp_c + nh4_c + utp_c --> adp_c + ctp_c + 2.0 h_c + pi_c
CTPS2,atp_c + gln_L_c + h2o_c + utp_c --> adp_c + ctp_c + glu_L_c + 2.0 h_c + pi_c
PDX5PO,o2_c + pdx5p_c --> h2o2_c + pydx5p_c
EX_12dgr120_e_,12dgr120_e <=> 12dgr120_b
CRNabcpp,atp_c + crn_p + h2o_c --> adp_c + crn_c + h_c + pi_c
ACGAMK,acgam_c + atp_c --> acgam6p_c + adp_c + h_c
MTHFD,mlthf_c + nadp_c <=> methf_c + nadph_c
PROT_ce_RSc0249_S,RSc0249_c + 1499.0 atp_c + 1499.0 h2o_c --> RSc0249_e + 1499.0 adp_c + 1499.0 h_c + 1499.0 pi_c
MTHFC,h2o_c + methf_c <=> 10fthf_c + h_c
DINSK,atp_c + din_c --> adp_c + dimp_c + h_c
OHPBAT,glu_L_c + ohpb_c <=> akg_c + phthr_c
23PDE7pp,23camp_p + h2o_p --> 3amp_p + h_p
PGPP141pp,h2o_p + pgp141_p --> pg141_p + pi_p
T3SS_E_RipG3_BioS,102.0 alatrna_c + 41.0 argtrna_c + 32.0 asntrna_c + 32.0 asptrna_c + 2004.372 atp_c + 4.0 cystrna_c + 16.0 glntrna_c + 26.0 glutrna_c + 58.0 glytrna_c + 2004.372 h2o_c + 10.0 histrna_c + 27.0 iletrna_c + 80.0 leutrna_c + 13.0 lystrna_c + 8.0 mettrna_c + 4.0 phetrna_c + 33.0 protrna_c + 34.0 sertrna_c + 39.0 thrtrna_c + 2.0 trptrna_c + 4.0 tyrtrna_c + 38.0 valtrna_c --> RipG3_c + 2004.372 adp_c + 2004.372 h_c + 2004.372 pi_c + 102.0 trnaala_c + 41.0 trnaarg_c + 64.0 trnaasp_c + 4.0 trnacys_c + 16.0 trnagln_c + 26.0 trnaglu_c + 58.0 trnagly_c + 10.0 trnahis_c + 27.0 trnaile_c + 80.0 trnaleu_c + 13.0 trnalys_c + 8.0 trnamet_c + 4.0 trnaphe_c + 33.0 trnapro_c + 34.0 trnaser_c + 39.0 trnathr_c + 2.0 trnatrp_c + 4.0 trnatyr_c + 38.0 trnaval_c
GTHOr,gthox_c + h_c + nadph_c <=> 2.0 gthrd_c + nadp_c
NO3tex,no3_e <=> no3_p
GCALDDr,gcald_c + h2o_c + nad_c --> glyclt_c + 2.0 h_c + nadh_c
T3SS_E_RipAE_S,RipAE_c + 643.0 atp_c + 643.0 h2o_c --> RipAE_e + 643.0 adp_c + 643.0 h_c + 643.0 pi_c
MGCH,3mgcoa_c + h2o_c <=> hmgcoa_c
LPLIPAL1E160pp,1agpe160_p + h2o_p --> g3pe_p + h_p + hdca_p
REC_DNAf_30kb,DNAf_30kb_c --> DNAf_30kb_b
EX_hpa_e_,hpa_e <=> hpa_b
DCTPD2,ctp_c + h2o_c + h_c --> nh4_c + utp_c
FE3tex,fe3_e <=> fe3_p
BIOMASS,0.000223 10fthf_c + 2.6e-05 2fe2s_c + 0.00026 4fe4s_c + 0.01068 Oantigen_core_kdo_lipidA_RS_e + 0.0094 acglucan_p + 0.000223 adocbl_c + 0.6411 alatrna_c + 0.000223 amet_c + 0.24141 argtrna_c + 0.19535 asntrna_c + 0.19535 asptrna_c + 54.832741 atp_c + 2e-06 btn_c + 0.000223 chor_c + 0.005205 cl_c + 0.00353 clpn160_p + 0.0021 clpn161_p + 0.00087 clpn180_p + 0.00162 clpn181_p + 0.000576 coa_c + 2.5e-05 cobalt2_c + 0.22995 ctp_c + 0.06088 cystrna_c + 0.01689 datp_c + 0.03425 dctp_c + 0.03425 dgtp_c + 0.01689 dttp_c + 0.000223 fad_c + 0.006715 fe2_c + 0.27105 glntrna_c + 0.016 glucan_p + 0.27105 glutrna_c + 0.009513 glycogen_c + 0.60087 glytrna_c + 0.000223 gthrd_c + 0.21053 gtp_c + 54.72405 h2o_c + 0.000223 hemeO_c + 0.11806 histrna_c + 0.162 iletrna_c + 0.195193 k_c + 0.27635 leutrna_c + 3e-06 lipopb_c + 0.10006 lystrna_c + 0.08417 mettrna_c + 0.008675 mg2_c + 0.000223 mlthf_c + 0.000691 mn2_c + 7e-06 mobd_c + 0.000122 mocogdp_c + 0.00323 murein3p3p_p + 0.00145 murein3px4p_p + 0.01291 murein4p4p_p + 0.01308 murein4px4p_p + 0.00161 murein4px4px4p_p + 0.001831 nad_c + 0.000447 nadp_c + 0.013013 nh4_c + 0.01791 pe160_c + 0.01066 pe161_c + 0.0044 pe180_c + 0.00821 pe181_c + 0.0057 pg160_c + 0.00339 pg161_c + 0.0014 pg180_c + 0.00261 pg181_c + 0.000223 pheme_c + 0.22764 phetrna_c + 0.52781 protrna_c + 0.03327 ptrc_c + 0.000223 pydx5p_c + 0.000223 q8h2_c + 0.000223 ribflv_c + 0.22288 sertrna_c + 0.004338 so4_c + 0.006744 spmd_c + 0.000223 thf_c + 0.000223 thmpp_c + 0.40446 thrtrna_c + 0.00424 trptrna_c + 0.11753 tyrtrna_c + 5.5e-05 udcpdp_c + 0.08612 utp_c + 0.3637 valtrna_c --> 54.72405 adp_c + 54.72405 h_c + 54.72405 pi_c + 0.737561 ppi_c + 0.6411 trnaala_c + 0.24141 trnaarg_c + 0.3907 trnaasp_c + 0.06088 trnacys_c + 0.27105 trnagln_c + 0.27105 trnaglu_c + 0.60087 trnagly_c + 0.11806 trnahis_c + 0.162 trnaile_c + 0.27635 trnaleu_c + 0.10006 trnalys_c + 0.08417 trnamet_c + 0.22764 trnaphe_c + 0.52781 trnapro_c + 0.22288 trnaser_c + 0.40446 trnathr_c + 0.00424 trnatrp_c + 0.11753 trnatyr_c + 0.3637 trnaval_c
CYSDS,cys_L_c + h2o_c --> h2s_c + nh4_c + pyr_c
HISt2rpp,h_p + his_L_p <=> h_c + his_L_c
T3SS_E_RipJ_S,RipJ_c + 431.0 atp_c + 431.0 h2o_c --> RipJ_e + 431.0 adp_c + 431.0 h_c + 431.0 pi_c
PCT1,accoa_c + ppa_c <=> ac_c + ppcoa_c
ALDD8,h2o_c + nad_c + octal_c --> 2.0 h_c + nadh_c + octa_c
T6SS_E_RSp1139_S,RSp1139_c + 760.0 atp_c + 760.0 h2o_c --> RSp1139_e + 760.0 adp_c + 760.0 h_c + 760.0 pi_c
ALDD9,h2o_c + nad_c + nonal_c --> 2.0 h_c + nadh_c + nona_c
EX_glc_e_,glc_D_e <=> glc_D_b
EX_pa120_e_,pa120_e <=> pa120_b
CDPMEK,4c2me_c + atp_c --> 2p4c2me_c + adp_c + h_c
PPKr,atp_c + pi_c <=> adp_c + ppi_c
ACACT4r,accoa_c + occoa_c <=> 3odcoa_c + coa_c
ALLTN,alltn_c + h2o_c <=> alltt_c + h_c
ALR2,h_c + mthgxl_c + nadph_c --> acetol_c + nadp_c
DM_BZ,bz_c --> bz_b
T3SS_E_RipJ_BioS,52.0 alatrna_c + 42.0 argtrna_c + 14.0 asntrna_c + 26.0 asptrna_c + 1432.644 atp_c + 2.0 cystrna_c + 23.0 glntrna_c + 23.0 glutrna_c + 21.0 glytrna_c + 1432.644 h2o_c + 11.0 histrna_c + 20.0 iletrna_c + 36.0 leutrna_c + 19.0 lystrna_c + 11.0 mettrna_c + 7.0 phetrna_c + 29.0 protrna_c + 36.0 sertrna_c + 19.0 thrtrna_c + 3.0 trptrna_c + 11.0 tyrtrna_c + 26.0 valtrna_c --> RipJ_c + 1432.644 adp_c + 1432.644 h_c + 1432.644 pi_c + 52.0 trnaala_c + 42.0 trnaarg_c + 40.0 trnaasp_c + 2.0 trnacys_c + 23.0 trnagln_c + 23.0 trnaglu_c + 21.0 trnagly_c + 11.0 trnahis_c + 20.0 trnaile_c + 36.0 trnaleu_c + 19.0 trnalys_c + 11.0 trnamet_c + 7.0 trnaphe_c + 29.0 trnapro_c + 36.0 trnaser_c + 19.0 trnathr_c + 3.0 trnatrp_c + 11.0 trnatyr_c + 26.0 trnaval_c
MOTS,malthp_c --> motre_c
IGPS,2cpr5p_c + h_c --> 3ig3p_c + co2_c + h2o_c
CUtpp,cu_p --> cu_c
ALAALAabcpp,alaala_p + atp_c + h2o_c --> adp_c + alaala_c + h_c + pi_c
HPPPNtex,3hpppn_e <=> 3hpppn_p
EX_T3SS_E_RipAE_e_,RipAE_e <=> RipAE_b
GNIDtex,gnid_e <=> gnid_p
MOTH,h2o_c + motre_c --> maltpt_c + tre_c
HKYNH,h2o_c + hLkynr_c --> 3hanthrn_c + ala_L_c + h_c
ABTAr,4abut_c + akg_c <=> glu_L_c + sucsal_c
CRO4t3pp,cro4_c + h_p --> cro4_b + h_c
ACACT3r,accoa_c + hxcoa_c <=> 3oocoa_c + coa_c
BHBtex,bhb_e <=> bhb_p
T3SS_E_RipV1_S,RipV1_c + 685.0 atp_c + 685.0 h2o_c --> RipV1_e + 685.0 adp_c + 685.0 h_c + 685.0 pi_c
H2Stex,h2s_e <=> h2s_p
APPS3,bzop_c + h2o_c --> bz_c + h_c + pi_c
TREtex,tre_e <=> tre_p
AHMMPS,air_c + 2.0 h_c --> 4ahmmp_c + gcald_c + pi_c
ASPASPtex,asp_L_asp_L_e <=> asp_L_asp_L_p
OCHSLACtpp,ochslac_c <=> ochslac_p
S7PI,s7p_c <=> gmhep7p_c
GLNGLUtex,gln_L_glu_L_e <=> gln_L_glu_L_p
EX_T3SS_E_RipS5_e_,RipS5_e <=> RipS5_b
ISC4fe4sd,4fe4s_c + 2.0 h_c + o2s_c --> 4fe4s3_c + h2o2_c
HGNTOR,hgentis_c + o2_c --> 4mlacac_c + h_c
PA161abcpp,atp_c + h2o_c + pa161_c --> adp_c + h_c + pa161_p + pi_c
ID3ACALDtex,id3acald_e <=> id3acald_p
SBTtex,sbt_D_e <=> sbt_D_p
GMPS2,atp_c + gln_L_c + h2o_c + xmp_c --> amp_c + glu_L_c + gmp_c + 2.0 h_c + ppi_c
PYAM5POr,h2o_c + o2_c + pyam5p_c --> h2o2_c + nh4_c + pydx5p_c
HEPTHSLACtex,hepthslac_e <=> hepthslac_p
ACACT2r,accoa_c + btcoa_c <=> 3ohcoa_c + coa_c
HCINNMt2rpp,3hcinnm_p + h_p <=> 3hcinnm_c + h_c
EX_hepthslac_e_,hepthslac_e <=> hepthslac_b
EX_gly_e_,gly_e <=> gly_b
EX_orn_e_,orn_e <=> orn_b
EX_T3SS_E_RipG7_e_,RipG7_e <=> RipG7_b
EX_PCW_RSp1545_e_,PCW_RSp1545_LPS_e --> PCW_RSp1545_LPS_b
PROT_pe_RSp1073_S,RSp1073_p + 3322.0 atp_c + 3322.0 h2o_c --> RSp1073_e + 3322.0 adp_c + 3322.0 h_c + 3322.0 pi_c
EX_ch4s_e_,ch4s_e <=> ch4s_b
EX_T3SS_E_RipAP_e_,RipAP_e <=> RipAP_b
CLPNS161pp,2.0 pg161_p <=> clpn161_p + glyc_p
H2Otpp,h2o_p <=> h2o_c
ONOO_p,no_p + o2s_p --> onoo_p
TRPtex,trp_L_e <=> trp_L_p
PROT_Expansin_BioS,28.0 alatrna_c + 9.0 argtrna_c + 9.0 asntrna_c + 11.0 asptrna_c + 850.944 atp_c + 4.0 cystrna_c + 13.0 glntrna_c + 6.0 glutrna_c + 27.0 glytrna_c + 850.944 h2o_c + 3.0 histrna_c + 13.0 iletrna_c + 23.0 leutrna_c + 13.0 lystrna_c + 3.0 mettrna_c + 8.0 phetrna_c + 18.0 protrna_c + 14.0 sertrna_c + 20.0 thrtrna_c + 6.0 trptrna_c + 8.0 tyrtrna_c + 20.0 valtrna_c --> Expansin_c + 850.944 adp_c + 850.944 h_c + 850.944 pi_c + 28.0 trnaala_c + 9.0 trnaarg_c + 20.0 trnaasp_c + 4.0 trnacys_c + 13.0 trnagln_c + 6.0 trnaglu_c + 27.0 trnagly_c + 3.0 trnahis_c + 13.0 trnaile_c + 23.0 trnaleu_c + 13.0 trnalys_c + 3.0 trnamet_c + 8.0 trnaphe_c + 18.0 trnapro_c + 14.0 trnaser_c + 20.0 trnathr_c + 6.0 trnatrp_c + 8.0 trnatyr_c + 20.0 trnaval_c
DB4PS,ru5p_D_c --> db4p_c + for_c + h_c
HKNDDH,h2o_c + hkndd_c --> h_c + op4en_c + succ_c
MLDCP2App,h2o_p + murein5p5p_p --> alaala_p + murein5p3p_p
BRt_2pp,2.0 br_c + h_p --> 2.0 br_p + h_c
GNK,atp_c + glcn_c --> 6pgc_c + adp_c + h_c
DMAPP_AMPIT,amp_c + dmpp_c --> n6ipadep_c + ppi_c
EX_zn2_e_,zn2_e <=> zn2_b
PROT_RSp1444_BioS,201.0 alatrna_c + 46.0 argtrna_c + 92.0 asntrna_c + 52.0 asptrna_c + 4557.204 atp_c + 35.0 glntrna_c + 14.0 glutrna_c + 222.0 glytrna_c + 4557.204 h2o_c + 12.0 histrna_c + 68.0 iletrna_c + 100.0 leutrna_c + 9.0 lystrna_c + 10.0 mettrna_c + 25.0 phetrna_c + 43.0 protrna_c + 147.0 sertrna_c + 166.0 thrtrna_c + 10.0 trptrna_c + 22.0 tyrtrna_c + 97.0 valtrna_c --> RSp1444_c + 4557.204 adp_c + 4557.204 h_c + 4557.204 pi_c + 201.0 trnaala_c + 46.0 trnaarg_c + 144.0 trnaasp_c + 35.0 trnagln_c + 14.0 trnaglu_c + 222.0 trnagly_c + 12.0 trnahis_c + 68.0 trnaile_c + 100.0 trnaleu_c + 9.0 trnalys_c + 10.0 trnamet_c + 25.0 trnaphe_c + 43.0 trnapro_c + 147.0 trnaser_c + 166.0 trnathr_c + 10.0 trnatrp_c + 22.0 trnatyr_c + 97.0 trnaval_c
ACACT1r,2.0 accoa_c <=> aacoa_c + coa_c
ONOO_e,no_e + o2s_e --> onoo_e
PGPP181pp,h2o_p + pgp181_p --> pg181_p + pi_p
ONOO_c,no_c + o2s_c --> onoo_c
EX_3oocta_e_,3oocta_e <=> 3oocta_b
HXAtex,hxa_e <=> hxa_p
HISDr,his_L_c --> nh4_c + urcan_c
AHSERL3,acser_c + seln_c --> ac_c + h_c + scys_L_c
EX_protein_RSc3188_e_,RSc3188_e --> RSc3188_b
ASO3t8pp,aso3_c + atp_c + h2o_c --> adp_c + aso3_p + h_c + pi_c
HIStex,his_L_e <=> his_L_p
Zn2tpc,zn2_p <=> zn2_c
ALLPH,h2o_c + 3.0 h_c + u1car_c --> 2.0 co2_c + 2.0 nh4_c
INSDH,2ins_c --> dkdepiins_c + h2o_c
FACOAL181t2pp,atp_c + coa_c + h_p + ocdcea_p --> amp_c + h_c + odecoa_c + ppi_c
METOX4spept,h2o2_c + met_L_pept_c --> h2o_c + metsox_R_L_pept_c
T3SS_E_RipM_BioS,110.0 alatrna_c + 35.0 argtrna_c + 14.0 asntrna_c + 17.0 asptrna_c + 1941.216 atp_c + 35.0 glntrna_c + 20.0 glutrna_c + 59.0 glytrna_c + 1941.216 h2o_c + 14.0 histrna_c + 22.0 iletrna_c + 45.0 leutrna_c + 14.0 lystrna_c + 17.0 mettrna_c + 9.0 phetrna_c + 37.0 protrna_c + 40.0 sertrna_c + 41.0 thrtrna_c + 3.0 trptrna_c + tyrtrna_c + 51.0 valtrna_c --> RipM_c + 1941.216 adp_c + 1941.216 h_c + 1941.216 pi_c + 110.0 trnaala_c + 35.0 trnaarg_c + 31.0 trnaasp_c + 35.0 trnagln_c + 20.0 trnaglu_c + 59.0 trnagly_c + 14.0 trnahis_c + 22.0 trnaile_c + 45.0 trnaleu_c + 14.0 trnalys_c + 17.0 trnamet_c + 9.0 trnaphe_c + 37.0 trnapro_c + 40.0 trnaser_c + 41.0 trnathr_c + 3.0 trnatrp_c + trnatyr_c + 51.0 trnaval_c
GALURt2rpp,galur_p + h_p <=> galur_c + h_c
RBFSb,2.0 dmlz_c --> 4r5au_c + ribflv_c
4H2HEPDALD,4h2ohepd_c <=> pyr_c + sucsal_c
LPLIPAL1A140pp,1tdecg3p_p + h2o_p --> glyc3p_p + h_p + ttdca_p
USHD,h2o_c + u23ga_c --> 2.0 h_c + lipidX_c + ump_c
T3SS_E_RipAR_S,RipAR_c + 605.0 atp_c + 605.0 h2o_c --> RipAR_e + 605.0 adp_c + 605.0 h_c + 605.0 pi_c
RBFSa,4r5au_c + db4p_c --> dmlz_c + 2.0 h2o_c + pi_c
HMBS,h2o_c + 4.0 ppbng_c --> hmbil_c + 4.0 nh4_c
EX_lac_L_e_,lac_L_e <=> lac_L_b
Agtpc,ag_p <=> ag_c
MTAN,5mta_c + h2o_c --> 5mtr_c + ade_c
HG2tex,hg2_e <=> hg2_p
T3SS_E_RipX_BioS,44.0 alatrna_c + 38.0 asntrna_c + 19.0 asptrna_c + 1143.456 atp_c + 41.0 glntrna_c + 7.0 glutrna_c + 72.0 glytrna_c + 1143.456 h2o_c + histrna_c + 10.0 iletrna_c + 27.0 leutrna_c + 15.0 lystrna_c + 10.0 mettrna_c + 13.0 protrna_c + 23.0 sertrna_c + 8.0 thrtrna_c + 16.0 valtrna_c --> RipX_c + 1143.456 adp_c + 1143.456 h_c + 1143.456 pi_c + 44.0 trnaala_c + 57.0 trnaasp_c + 41.0 trnagln_c + 7.0 trnaglu_c + 72.0 trnagly_c + trnahis_c + 10.0 trnaile_c + 27.0 trnaleu_c + 15.0 trnalys_c + 10.0 trnamet_c + 13.0 trnapro_c + 23.0 trnaser_c + 8.0 trnathr_c + 16.0 trnaval_c
ETHAAL,etha_c --> acald_c + nh4_c
IDOND2,5dglcn_c + h_c + nadph_c --> idon_L_c + nadp_c
MINCYCtex,mincyc_e <=> mincyc_p
MALPYRI,malpyr_c <=> fumpyr_c
EX_hslac_e_,hslac_e <=> hslac_b
OMPHHX,2omph_c + 0.5 o2_c --> 2ombzl_c
INStex,ins_e <=> ins_p
GLCRt2rpp,glcr_p + h_p <=> glcr_c + h_c
T3SS_E_RipS6_BioS,157.0 alatrna_c + 80.0 argtrna_c + 38.0 asntrna_c + 41.0 asptrna_c + 2818.752 atp_c + 24.0 cystrna_c + 37.0 glntrna_c + 41.0 glutrna_c + 38.0 glytrna_c + 2818.752 h2o_c + 18.0 histrna_c + 14.0 iletrna_c + 109.0 leutrna_c + 24.0 lystrna_c + 24.0 mettrna_c + 14.0 phetrna_c + 30.0 protrna_c + 62.0 sertrna_c + 25.0 thrtrna_c + 15.0 trptrna_c + 6.0 tyrtrna_c + 51.0 valtrna_c --> RipS6_c + 2818.752 adp_c + 2818.752 h_c + 2818.752 pi_c + 157.0 trnaala_c + 80.0 trnaarg_c + 79.0 trnaasp_c + 24.0 trnacys_c + 37.0 trnagln_c + 41.0 trnaglu_c + 38.0 trnagly_c + 18.0 trnahis_c + 14.0 trnaile_c + 109.0 trnaleu_c + 24.0 trnalys_c + 24.0 trnamet_c + 14.0 trnaphe_c + 30.0 trnapro_c + 62.0 trnaser_c + 25.0 trnathr_c + 15.0 trnatrp_c + 6.0 trnatyr_c + 51.0 trnaval_c
COBALT2abcpp,atp_c + cobalt2_c + h2o_c --> adp_c + cobalt2_p + h_c + pi_c
ARBTNLexs,arbtnl_e + fe3_e --> arbtnl_fe3_e
PHAS,h2o_c + 4.0 r3hbcoa_c --> 4.0 coa_c + h_c + pbhb_c
AGM4Pt2pp,anhgm4p_p + h_p --> anhgm4p_c + h_c
FRUptspp,fru_p + pep_c --> f1p_c + pyr_c
NH4tpp,nh4_p <=> nh4_c
CU2_bd_CopA,CopA_p + 11.0 cu2_p --> 11cu2s_CopA_p
H2O_p,h2o_p <=> h_p + oh_p
PROT_cp_RSp1466_S,RSp1466_c + 114.0 atp_c + 114.0 h2o_c --> RSp1466_p + 114.0 adp_c + 114.0 h_c + 114.0 pi_c
3HCINNMH,3hcinnm_c + h_c + nadh_c + o2_c --> dhcinnm_c + h2o_c + nad_c
SERAT,accoa_c + ser_L_c <=> acser_c + coa_c
EX_sbt_D_e_,sbt_D_e <=> sbt_D_b
PPND,nad_c + pphn_c --> 34hpp_c + co2_c + nadh_c
GK2,datp_c + gmp_c <=> dadp_c + gdp_c
GK1,atp_c + gmp_c <=> adp_c + gdp_c
LEUabcpp,atp_c + h2o_c + leu_L_p --> adp_c + h_c + leu_L_c + pi_c
EX_pc120_e_,pc120_e <=> pc120_b
ISOQOXR,ficytc_c + h2o_c + isoquin_c --> focytc_c + 2.0 h_c + isoquin2HO_c
EX_12dgr140_e_,12dgr140_e <=> 12dgr140_b
TDP,h2o_c + thmpp_c --> h_c + pi_c + thmmp_c
SULFR,7.0 h2_c + 3.0 nadp_c + selt_c --> 3.0 h2o_c + 4.0 h_c + 3.0 nadph_c + seln_c
ABUTt2pp,4abut_p + h_p --> 4abut_c + h_c
DDGLK,2ddglcn_c + atp_c --> adp_c + h_c + kdpg_c
G3PStex,g3ps_e <=> g3ps_p
GALCTD,galct_D_c --> 5dh4dglc_c + h2o_c
CAT,2.0 h2o2_c --> 2.0 h2o_c + o2_c
ADCS,chor_c + gln_L_c --> 4adcho_c + glu_L_c
ALDD3,h2o_c + nad_c + ppal_c --> 2.0 h_c + nadh_c + ppa_c
ALDD1,fald_c + h2o_c + nad_c --> for_c + 2.0 h_c + nadh_c
ALDD6,h2o_c + hxal_c + nad_c --> 2.0 h_c + hxa_c + nadh_c
ALDD7,h2o_c + hpal_c + nad_c --> 2.0 h_c + hpa_c + nadh_c
ALDD4,btal_c + h2o_c + nad_c --> but_c + 2.0 h_c + nadh_c
ALDD5,h2o_c + nad_c + ptal_c --> 2.0 h_c + nadh_c + pta_c
MTRtex,5mtr_e <=> 5mtr_p
H2O_c,h2o_c <=> h_c + oh_c
H2O_e,h2o_e <=> h_e + oh_e
GALU,g1p_c + h_c + utp_c --> ppi_c + udpg_c
PE181abcpp,atp_c + h2o_c + pe181_c --> adp_c + h_c + pe181_p + pi_c
PROT_RSc0337_BioS,47.0 alatrna_c + 26.0 argtrna_c + 32.0 asntrna_c + 27.0 asptrna_c + 1648.704 atp_c + cystrna_c + 10.0 glntrna_c + 19.0 glutrna_c + 39.0 glytrna_c + 1648.704 h2o_c + 16.0 histrna_c + 18.0 iletrna_c + 44.0 leutrna_c + 20.0 lystrna_c + 14.0 mettrna_c + 18.0 phetrna_c + 31.0 protrna_c + 24.0 sertrna_c + 37.0 thrtrna_c + 9.0 trptrna_c + 17.0 tyrtrna_c + 47.0 valtrna_c --> RSc0337_c + 1648.704 adp_c + 1648.704 h_c + 1648.704 pi_c + 47.0 trnaala_c + 26.0 trnaarg_c + 59.0 trnaasp_c + trnacys_c + 10.0 trnagln_c + 19.0 trnaglu_c + 39.0 trnagly_c + 16.0 trnahis_c + 18.0 trnaile_c + 44.0 trnaleu_c + 20.0 trnalys_c + 14.0 trnamet_c + 18.0 trnaphe_c + 31.0 trnapro_c + 24.0 trnaser_c + 37.0 trnathr_c + 9.0 trnatrp_c + 17.0 trnatyr_c + 47.0 trnaval_c
T3SS_E_RipAA_S,RipAA_c + 230.0 atp_c + 230.0 h2o_c --> RipAA_e + 230.0 adp_c + 230.0 h_c + 230.0 pi_c
PPOR,o2_c + phpyr_c --> 2hyoxplac_c + co2_c
ASPGLNtex,asp_L_gln_L_e <=> asp_L_gln_L_p
LPLIPAL1G141pp,1agpg141_p + h2o_p --> g3pg_p + h_p + ttdcea_p
EX_fecrm_un_e_,fecrm_un_e <=> fecrm_un_b
EX_pa140_e_,pa140_e <=> pa140_b
EX_for_e_,for_e <=> for_b
PROT_RSp1180_ACT,RSp1180_e + ca2__e --> RSp1180_act_e
PROT_RSp1467_BioS,10.0 alatrna_c + 3.0 argtrna_c + 4.0 asntrna_c + 2.0 asptrna_c + 362.316 atp_c + 2.0 cystrna_c + 6.0 glntrna_c + 11.0 glytrna_c + 362.316 h2o_c + 4.0 histrna_c + 4.0 iletrna_c + 5.0 leutrna_c + 5.0 lystrna_c + 3.0 mettrna_c + 6.0 phetrna_c + protrna_c + 11.0 sertrna_c + 15.0 thrtrna_c + 2.0 trptrna_c + 4.0 tyrtrna_c + 11.0 valtrna_c --> RSp1467_c + 362.316 adp_c + 362.316 h_c + 362.316 pi_c + 10.0 trnaala_c + 3.0 trnaarg_c + 6.0 trnaasp_c + 2.0 trnacys_c + 6.0 trnagln_c + 11.0 trnagly_c + 4.0 trnahis_c + 4.0 trnaile_c + 5.0 trnaleu_c + 5.0 trnalys_c + 3.0 trnamet_c + 6.0 trnaphe_c + trnapro_c + 11.0 trnaser_c + 15.0 trnathr_c + 2.0 trnatrp_c + 4.0 trnatyr_c + 11.0 trnaval_c
T3SS_E_RipN_S,RipN_c + 474.0 atp_c + 474.0 h2o_c --> RipN_e + 474.0 adp_c + 474.0 h_c + 474.0 pi_c
EX_chol_e_,chol_e <=> chol_b
FECRMR4,2.0 fecrm_c + nadph_c --> 2.0 fe2_c + 2.0 fecrm_un_c + h_c + nadp_c
EX_asn_L_e_,asn_L_e <=> asn_L_b
IPDDI,ipdp_c <=> dmpp_c
PROT_pe_RSp1536_S,RSp1536_p + 846.0 atp_c + 846.0 h2o_c --> RSp1536_e + 846.0 adp_c + 846.0 h_c + 846.0 pi_c
ALDD13,h2o_c + nad_c + trdcal_c --> 2.0 h_c + nadh_c + trdca_c
ALDD14,h2o_c + nad_c + ttdcal_c --> 2.0 h_c + nadh_c + ttdca_c
OAADC,h_c + oaa_c --> co2_c + pyr_c
ALHD4,btal_c + h_c + nadh_c --> 1boh_c + nad_c
ALDD11,h2o_c + nad_c + udcal_c --> 2.0 h_c + nadh_c + udca_c
OCHSLACtex,ochslac_e <=> ochslac_p
ALHD5,butyal_c + h2o_c + nad_c --> buty_c + 2.0 h_c + nadh_c
ALDD12,ddcal_c + h2o_c + nad_c --> ddca_c + 2.0 h_c + nadh_c
ALDD17,h2o_c + hpdcal_c + nad_c --> 2.0 h_c + hpdca_c + nadh_c
ALDD18,h2o_c + nad_c + ocdcal_c --> 2.0 h_c + nadh_c + ocdca_c
2AGPG181tipp,2agpg181_p --> 2agpg181_c
ALDD15,h2o_c + nad_c + ptdcal_c --> 2.0 h_c + nadh_c + ptdca_c
DALAt2pp,ala_D_p + h_p <=> ala_D_c + h_c
ALDD16,h2o_c + hxdcal_c + nad_c --> 2.0 h_c + hdca_c + nadh_c
MLDCP1Bpp,h2o_p + murein4p4p_p --> ala_D_p + murein4p3p_p
EX_mccdn_e_,mccdn_e <=> mccdn_b
ASPGLUtex,asp_L_glu_L_e <=> asp_L_glu_L_p
ALDD10,dcal_c + h2o_c + nad_c --> dca_c + 2.0 h_c + nadh_c
EX_rfamp_e_,rfamp_e <=> rfamp_b
OP4ENH,h2o_c + op4en_c <=> 4h2opntn_c
MESUCCCE,h2o_c + mesucc_c --> h_c + meoh_c + succ_c
23DHB34DOX,23dhb_c + o2_c --> 3c2hmucsem_c + h_c
PROT_RSp0030_BioS,39.0 alatrna_c + 22.0 argtrna_c + 5.0 asntrna_c + 17.0 asptrna_c + 904.128 atp_c + 2.0 cystrna_c + 9.0 glntrna_c + 9.0 glutrna_c + 29.0 glytrna_c + 904.128 h2o_c + 9.0 histrna_c + 6.0 iletrna_c + 26.0 leutrna_c + 5.0 lystrna_c + 5.0 mettrna_c + 9.0 phetrna_c + 18.0 protrna_c + 12.0 sertrna_c + 15.0 thrtrna_c + 9.0 trptrna_c + 7.0 tyrtrna_c + 19.0 valtrna_c --> RSp0030_c + 904.128 adp_c + 904.128 h_c + 904.128 pi_c + 39.0 trnaala_c + 22.0 trnaarg_c + 22.0 trnaasp_c + 2.0 trnacys_c + 9.0 trnagln_c + 9.0 trnaglu_c + 29.0 trnagly_c + 9.0 trnahis_c + 6.0 trnaile_c + 26.0 trnaleu_c + 5.0 trnalys_c + 5.0 trnamet_c + 9.0 trnaphe_c + 18.0 trnapro_c + 12.0 trnaser_c + 15.0 trnathr_c + 9.0 trnatrp_c + 7.0 trnatyr_c + 19.0 trnaval_c
LPLIPAL1A180pp,1odecg3p_p + h2o_p --> glyc3p_p + h_p + ocdca_p
EX_12dgr160_e_,12dgr160_e <=> 12dgr160_b
EX_dcahslac_e_,dcahslac_e <=> dcahslac_b
GMHEPK,atp_c + gmhep7p_c --> adp_c + gmhep17bp_c + h_c
EX_tzea_e_,tzea_e <=> tzea_b
SULRi,5.0 h_c + 3.0 nadph_c + so3_c --> 3.0 h2o_c + h2s_c + 3.0 nadp_c
EX_trp_L_e_,trp_L_e <=> trp_L_b
DCTex,L_dpchrm_e <=> 56dihindlcrbxlt_e
EX_fe3_e_,fe3_e <=> fe3_b
AP4AHr,ap4a_c + h2o_c --> 2.0 adp_c + 2.0 h_c
MCCDNexs,fe3_e + mccdn_e --> fe3mccdn_e
SELMETAT,atp_c + h2o_c + selmeth_c <=> pi_c + ppi_c + seasmet_c
HHEP24DDH,2hhep24dd_c + h2o_c --> 4h2ohepd_c
TPI,dhap_c <=> g3p_c
EX_T3SS_E_RipAX2_e_,RipAX2_e <=> RipAX2_b
swimming,4.0 h_p --> 4.0 h_c
PNTOt4pp,na1_p + pnto_R_p --> na1_c + pnto_R_c
LAAL60,atp_c + cys_L_c + phe_L_c --> adp_c + h_c + phe_L_cys_L_c + pi_c
G1SAT,glu1sa_c <=> 5aop_c
EX_pad_e_,pad_e <=> pad_b
CITtex,cit_e <=> cit_p
MTHFD_glu,mlthfglu_c + nadp_c <=> methfglu_c + nadph_c
LAAL61,asn_L_c + atp_c + val_L_c --> adp_c + h_c + pi_c + val_L_asn_L_c
SPRMS,ametam_c + spmd_c --> 5mta_c + h_c + sprm_c
PROT_cp_RSp0656_S,CopA_c + 605.0 atp_c + 605.0 h2o_c --> CopA_p + 605.0 adp_c + 605.0 h_c + 605.0 pi_c
ADPRDP,adprib_c + h2o_c --> amp_c + 2.0 h_c + r5p_c
LAAL59,atp_c + cys_L_c + gln_L_c --> adp_c + gln_L_cys_L_c + h_c + pi_c
PROT_RSp1620_BioS,176.0 alatrna_c + 26.0 argtrna_c + 117.0 asntrna_c + 81.0 asptrna_c + 4351.116 atp_c + 3.0 cystrna_c + 61.0 glntrna_c + 23.0 glutrna_c + 137.0 glytrna_c + 4351.116 h2o_c + 8.0 histrna_c + 45.0 iletrna_c + 93.0 leutrna_c + 71.0 lystrna_c + 20.0 mettrna_c + 20.0 phetrna_c + 8.0 protrna_c + 144.0 sertrna_c + 161.0 thrtrna_c + 3.0 trptrna_c + 22.0 tyrtrna_c + 90.0 valtrna_c --> RSp1620_c + 4351.116 adp_c + 4351.116 h_c + 4351.116 pi_c + 176.0 trnaala_c + 26.0 trnaarg_c + 198.0 trnaasp_c + 3.0 trnacys_c + 61.0 trnagln_c + 23.0 trnaglu_c + 137.0 trnagly_c + 8.0 trnahis_c + 45.0 trnaile_c + 93.0 trnaleu_c + 71.0 trnalys_c + 20.0 trnamet_c + 20.0 trnaphe_c + 8.0 trnapro_c + 144.0 trnaser_c + 161.0 trnathr_c + 3.0 trnatrp_c + 22.0 trnatyr_c + 90.0 trnaval_c
LAAL58,atp_c + 2.0 cys_L_c --> adp_c + cys_L_cys_L_c + h_c + pi_c
EX_pc160_e_,pc160_e <=> pc160_b
PGM,2pg_c <=> 3pg_c
EX_o2_e_,o2_e <=> o2_b
DKGLCNR1,25dkglcn_c + h_c + nadph_c --> 2dhguln_c + nadp_c
PGL,6pgl_c + h2o_c --> 6pgc_c + h_c
PGK,3pg_c + atp_c <=> 13dpg_c + adp_c
PGI,g6p_c <=> f6p_c
FMNAT,atp_c + fmn_c + h_c --> fad_c + ppi_c
DDPA,e4p_c + h2o_c + pep_c <=> 2dda7p_c + pi_c
GLYGLNabcpp,atp_c + gly_gln_L_p + h2o_c --> adp_c + gly_gln_L_c + h_c + pi_c
LAAL53,atp_c + his_L_c + ser_L_c --> adp_c + h_c + his_L_ser_L_c + pi_c
EX_mesucc_e_,mesucc_e <=> mesucc_b
LAAL52,atp_c + his_L_c + met_L_c --> adp_c + h_c + his_L_met_L_c + pi_c
LAAL51,atp_c + his_L_c + thr_L_c --> adp_c + h_c + his_L_thr_L_c + pi_c
LAAL50,atp_c + his_L_c + leu_L_c --> adp_c + h_c + his_L_leu_L_c + pi_c
EX_T6SS_E_RSc3222_e_,RSc3222_e --> RSc3222_b
LAAL57,atp_c + cys_L_c + ser_L_c --> adp_c + h_c + pi_c + ser_L_cys_L_c
LAAL56,atp_c + phe_L_c + val_L_c --> adp_c + h_c + phe_L_val_L_c + pi_c
LAAL55,atp_c + gln_L_c + val_L_c --> adp_c + gln_L_val_L_c + h_c + pi_c
TAUDO,akg_c + o2_c + taur_c --> aacald_c + co2_c + h_c + so3_c + succ_c
LAAL54,atp_c + gly_c + his_L_c --> adp_c + h_c + his_L_gly_c + pi_c
HXAND,h2o_c + hxan_c + nad_c --> h_c + nadh_c + xan_c
LAAL49,atp_c + 2.0 his_L_c --> adp_c + h_c + his_L_his_L_c + pi_c
LAAL48,atp_c + his_L_c + val_L_c --> adp_c + h_c + his_L_val_L_c + pi_c
HEPT5KO,adphep_LD_c + kolipid4L_c --> adp_c + hkolipa_c
LAAL47,ala_L_c + atp_c + his_L_c --> adp_c + h_c + his_L_ala_L_c + pi_c
I4FE4SR,fadh2_c + 2.0 h_c + iscu_DASH_2fe2s2_c --> fad_c + iscu_DASH_4fe4s_c
LPLIPAL1E120pp,1agpe120_p + h2o_p --> ddca_p + g3pe_p + h_p
I4FE4ST,4.0 h_c + iscu_DASH_4fe4s_c --> 4fe4s_c + iscu_c
EX_T6SS_E_RSc1944_e_,RSc1944_e --> RSc1944_b
ARBTNLabcpp,arbtnl_fe3_p + atp_c + h2o_c --> adp_c + arbtnl_fe3_c + h_c + pi_c
ALDD2xr,acald_c + h2o_c + nad_c --> ac_c + 2.0 h_c + nadh_c
T6SS_E_RSp0103_S,RSp0103_c + 885.0 atp_c + 885.0 h2o_c --> RSp0103_e + 885.0 adp_c + 885.0 h_c + 885.0 pi_c
PTRCtex,ptrc_e <=> ptrc_p
METALAtex,met_L_ala_L_e <=> met_L_ala_L_p
GLUSy,akg_c + gln_L_c + h_c + nadph_c --> 2.0 glu_L_c + nadp_c
T3SS_E_RipG6_S,RipG6_c + 620.0 atp_c + 620.0 h2o_c --> RipG6_e + 620.0 adp_c + 620.0 h_c + 620.0 pi_c
GLYC2Ptex,glyc2p_e <=> glyc2p_p
GLNabcpp,atp_c + gln_L_p + h2o_c --> adp_c + gln_L_c + h_c + pi_c
MEOHtrpp,meoh_p <=> meoh_c
PROT_RSp1545_BioS,396.0 alatrna_c + 72.0 argtrna_c + 188.0 asntrna_c + 107.0 asptrna_c + 8944.884 atp_c + 16.0 cystrna_c + 139.0 glntrna_c + 32.0 glutrna_c + 373.0 glytrna_c + 8944.884 h2o_c + 29.0 histrna_c + 120.0 iletrna_c + 194.0 leutrna_c + 37.0 lystrna_c + 36.0 mettrna_c + 46.0 phetrna_c + 105.0 protrna_c + 215.0 sertrna_c + 308.0 thrtrna_c + 21.0 trptrna_c + 43.0 tyrtrna_c + 214.0 valtrna_c --> RSp1545_c + 8944.884 adp_c + 8944.884 h_c + 8944.884 pi_c + 396.0 trnaala_c + 72.0 trnaarg_c + 295.0 trnaasp_c + 16.0 trnacys_c + 139.0 trnagln_c + 32.0 trnaglu_c + 373.0 trnagly_c + 29.0 trnahis_c + 120.0 trnaile_c + 194.0 trnaleu_c + 37.0 trnalys_c + 36.0 trnamet_c + 46.0 trnaphe_c + 105.0 trnapro_c + 215.0 trnaser_c + 308.0 trnathr_c + 21.0 trnatrp_c + 43.0 trnatyr_c + 214.0 trnaval_c
LPSS2_KO_RS,core_ko_lipidA_RS_c + 4.0 dtdprmn_c + 5.2 h2o_c + uacgam_c + 0.2 udpxyl_c --> Oantigen_core_ko_lipidA_RS_c + ac_c + 4.0 dtdp_c + 5.2 h_c + 1.2 udp_c
G3PEabcpp,atp_c + g3pe_p + h2o_c --> adp_c + g3pe_c + h_c + pi_c
KYN,Lkynr_c + h2o_c --> ala_L_c + anth_c + h_c
LAAL46,atp_c + 2.0 phe_L_c --> adp_c + h_c + phe_L_phe_L_c + pi_c
PROT_cp_RSp0630_S,RSp0630_c + 652.0 atp_c + 652.0 h2o_c --> RSp0630_p + 652.0 adp_c + 652.0 h_c + 652.0 pi_c
LAAL45,ala_L_c + atp_c + phe_L_c --> adp_c + h_c + phe_L_ala_L_c + pi_c
EAR60x,h_c + nadh_c + thex2eACP_c --> hexACP_c + nad_c
LAAL44,ala_L_c + atp_c + gln_L_c --> adp_c + gln_L_ala_L_c + h_c + pi_c
LAAL43,ala_L_c + atp_c + met_L_c --> adp_c + ala_L_met_L_c + h_c + pi_c
LAAL38,atp_c + gln_L_c + thr_L_c --> adp_c + h_c + pi_c + thr_L_gln_L_c
EX_hg2_e_,hg2_e <=> hg2_b
T3SS_E_RipO1_S,RipO1_c + 512.0 atp_c + 512.0 h2o_c --> RipO1_e + 512.0 adp_c + 512.0 h_c + 512.0 pi_c
ACACT8r,accoa_c + pmtcoa_c <=> 3oodcoa_c + coa_c
EX_PCW_RSp0295_act_e_,PCW_RSp0295_act_e --> PCW_RSp0295_act_b
GLYCAt2rpp,glyc_R_p + h_p <=> glyc_R_c + h_c
TKT2,e4p_c + xu5p_D_c <=> f6p_c + g3p_c
TKT1,r5p_c + xu5p_D_c <=> g3p_c + s7p_c
PHETA1,akg_c + phe_L_c <=> glu_L_c + phpyr_c
T3SS_E_RipS3_BioS,342.0 alatrna_c + 218.0 argtrna_c + 61.0 asntrna_c + 123.0 asptrna_c + 7615.284 atp_c + 36.0 cystrna_c + 110.0 glntrna_c + 148.0 glutrna_c + 141.0 glytrna_c + 7615.284 h2o_c + 73.0 histrna_c + 65.0 iletrna_c + 256.0 leutrna_c + 75.0 lystrna_c + 54.0 mettrna_c + 60.0 phetrna_c + 139.0 protrna_c + 118.0 sertrna_c + 99.0 thrtrna_c + 28.0 trptrna_c + 38.0 tyrtrna_c + 107.0 valtrna_c --> RipS3_c + 7615.284 adp_c + 7615.284 h_c + 7615.284 pi_c + 342.0 trnaala_c + 218.0 trnaarg_c + 184.0 trnaasp_c + 36.0 trnacys_c + 110.0 trnagln_c + 148.0 trnaglu_c + 141.0 trnagly_c + 73.0 trnahis_c + 65.0 trnaile_c + 256.0 trnaleu_c + 75.0 trnalys_c + 54.0 trnamet_c + 60.0 trnaphe_c + 139.0 trnapro_c + 118.0 trnaser_c + 99.0 trnathr_c + 28.0 trnatrp_c + 38.0 trnatyr_c + 107.0 trnaval_c
PROT_pe_RSp1545_S,RSp1545_p + 2691.0 atp_c + 2691.0 h2o_c --> RSp1545_e + 2691.0 adp_c + 2691.0 h_c + 2691.0 pi_c
HDCAtex,hdca_e <=> hdca_p
EX_ade_e_,ade_e <=> ade_b
EX_pc140_e_,pc140_e <=> pc140_b
VALTA,akg_c + val_L_c <=> 3mob_c + glu_L_c
G3PSabcpp,atp_c + g3ps_p + h2o_c --> adp_c + g3ps_c + h_c + pi_c
T3SS_E_RipAN_S,RipAN_c + 1440.0 atp_c + 1440.0 h2o_c --> RipAN_e + 1440.0 adp_c + 1440.0 h_c + 1440.0 pi_c
BUTtex,but_e <=> but_p
HOPNTAL,4h2opntn_c --> acald_c + pyr_c
LAAL35,atp_c + gln_L_c + gly_c --> adp_c + gly_gln_L_c + h_c + pi_c
PPCDC,4ppcys_c + h_c --> co2_c + pan4p_c
NI2abcpp,atp_c + h2o_c + ni2_c --> adp_c + h_c + ni2_b + pi_c
T3SS_E_RipAI_BioS,17.0 alatrna_c + 16.0 argtrna_c + 9.0 asntrna_c + 10.0 asptrna_c + 531.84 atp_c + cystrna_c + 11.0 glntrna_c + 5.0 glutrna_c + 8.0 glytrna_c + 531.84 h2o_c + 5.0 histrna_c + 3.0 iletrna_c + 11.0 leutrna_c + 4.0 mettrna_c + 5.0 phetrna_c + 11.0 protrna_c + 18.0 sertrna_c + 16.0 thrtrna_c + 4.0 tyrtrna_c + 6.0 valtrna_c --> RipAI_c + 531.84 adp_c + 531.84 h_c + 531.84 pi_c + 17.0 trnaala_c + 16.0 trnaarg_c + 19.0 trnaasp_c + trnacys_c + 11.0 trnagln_c + 5.0 trnaglu_c + 8.0 trnagly_c + 5.0 trnahis_c + 3.0 trnaile_c + 11.0 trnaleu_c + 4.0 trnamet_c + 5.0 trnaphe_c + 11.0 trnapro_c + 18.0 trnaser_c + 16.0 trnathr_c + 4.0 trnatyr_c + 6.0 trnaval_c
NI2t3pp,h_p + ni2_c --> h_c + ni2_b
ACYP,13dpg_c + h2o_c --> 3pg_c + h_c + pi_c
IND3ACtex,ind3ac_e <=> ind3ac_p
EX_T3SS_E_RipI_e_,RipI_e <=> RipI_b
H2O2tpp,h2o2_p <=> h2o2_c
ACACT7r,accoa_c + tdcoa_c <=> 3ohdcoa_c + coa_c
PDH,coa_c + nad_c + pyr_c --> accoa_c + co2_c + nadh_c
TYRTA,akg_c + tyr_L_c <=> 34hpp_c + glu_L_c
EX_T3SS_E_RipS1_e_,RipS1_e <=> RipS1_b
HPPPNt2rpp,3hpppn_p + h_p <=> 3hpppn_c + h_c
Naldxtex,naldx_e <=> naldx_p
CAT23DOX,catechol_c + o2_c --> 2hmcnsad_c + h_c
UM4PCP,h2o_c + um4p_c --> ala_D_c + ugmd_c
Zn2tex,zn2_e <=> zn2_p
LAAL23,atp_c + 2.0 met_L_c --> adp_c + h_c + met_L_met_L_c + pi_c
EX_citr_L_e_,citr_L_e <=> citr_L_b
PROT_pe_PlcN_S,PlcN_p + 700.0 atp_c + 700.0 h2o_c --> PlcN_e + 700.0 adp_c + 700.0 h_c + 700.0 pi_c
GGPTRCO,ggptrc_c + h2o_c + o2_c --> ggbutal_c + h2o2_c + nh4_c
GADH,2.0 ficytc_c + glcn_p --> 2dhglcn_p + 2.0 focytc_c + 2.0 h_p
EX_2dhglcn_e_,2dhglcn_e <=> 2dhglcn_b
EX_gln_L_gly_e_,gln_L_gly_e <=> gln_L_gly_b
ACACT6r,accoa_c + ddcacoa_c <=> 3otdcoa_c + coa_c
EX_Cafe_e_,cafe_e <=> cafe_b
L_LACt2rpp,h_p + lac_L_p <=> h_c + lac_L_c
EX_r3rhbb_e_,r3rhbb_e <=> r3rhbb_b
UAGAAT,3hmrsACP_c + uacgam_c <=> ACP_c + u3aga_c
ACACT5r,accoa_c + dcacoa_c <=> 3oddcoa_c + coa_c
ASPVALtex,asp_L_val_L_e <=> asp_L_val_L_p
EX_cana_e_,cana_L_e <=> cana_L_b
EX_protein_CbhA_e_,CbhA_e --> CbhA_b
TYRODC,o2_e + tyr_L_e --> co2_e + h2o_e + hphead_e
CUtex,cu_e <=> cu_p
UDPXYLS,h_c + nadh_c + udp4kp_c --> nad_c + udpxyl_c
LPSS1_KO_RS,2.0 adpglc_c + 2.0 dtdprmn_c + hkolipa_c + 0.2 udpxyl_c --> 2.0 adp_c + core_ko_lipidA_RS_c + 2.0 dtdp_c + 4.2 h_c + 0.2 udp_c
